TITLE,Ngb_ferric_NaP_pH6.0_pos_1_LCJG_020226
DATA TYPE,
ORIGIN,JASCO
OWNER,
DATE,26/02/02
TIME,11:14:54
SPECTROMETER/DATA SYSTEM,
LOCALE,1033
RESOLUTION,
DELTAX,-0.1
XUNITS,NANOMETERS
YUNITS,CD [mdeg]
Y2UNITS,HT [V]
FIRSTX,  700.0000
LASTX,  200.0000
NPOINTS,    5001
FIRSTY,     1.82408
MAXY,   107.53758
MINY,  -171.80385
XYDATA
700.0000,1.82408,347.049
699.9000,1.81849,346.99
699.8000,1.79651,346.916
699.7000,1.86124,346.875
699.6000,1.87418,346.804
699.5000,1.97033,346.741
699.4000,1.94663,346.705
699.3000,1.9011,346.629
699.2000,1.92329,346.576
699.1000,1.8084,346.519
699.0000,1.78857,346.447
698.9000,1.80471,346.372
698.8000,1.94847,346.301
698.7000,2.10297,346.259
698.6000,2.18962,346.204
698.5000,2.1717,346.134
698.4000,2.10652,346.069
698.3000,2.21152,345.999
698.2000,2.12259,345.953
698.1000,2.11645,345.898
698.0000,2.13127,345.859
697.9000,2.13441,345.802
697.8000,2.11405,345.746
697.7000,2.23667,345.679
697.6000,2.21329,345.618
697.5000,2.21375,345.569
697.4000,2.14723,345.505
697.3000,2.16463,345.446
697.2000,2.27091,345.393
697.1000,2.44398,345.318
697.0000,2.35955,345.245
696.9000,2.35985,345.184
696.8000,2.55406,345.131
696.7000,2.57077,345.073
696.6000,2.68833,345.01
696.5000,2.9327,344.954
696.4000,2.88527,344.883
696.3000,2.87485,344.833
696.2000,2.86,344.761
696.1000,2.87122,344.69
696.0000,2.88319,344.626
695.9000,2.85416,344.544
695.8000,2.81374,344.477
695.7000,2.7768,344.418
695.6000,2.81552,344.325
695.5000,2.85152,344.255
695.4000,2.73811,344.159
695.3000,2.67053,344.082
695.2000,2.53384,343.996
695.1000,2.55258,343.907
695.0000,2.48558,343.819
694.9000,2.68528,343.757
694.8000,2.65058,343.661
694.7000,2.6222,343.569
694.6000,2.69651,343.465
694.5000,2.65409,343.363
694.4000,2.66744,343.27
694.3000,2.61527,343.158
694.2000,2.42495,343.068
694.1000,2.42995,342.95
694.0000,2.56032,342.847
693.9000,2.62213,342.736
693.8000,2.51362,342.636
693.7000,2.45386,342.523
693.6000,2.52646,342.415
693.5000,2.43259,342.314
693.4000,2.33833,342.209
693.3000,2.42418,342.086
693.2000,2.3003,341.973
693.1000,2.1877,341.837
693.0000,2.22424,341.704
692.9000,2.25238,341.581
692.8000,2.14806,341.421
692.7000,2.18147,341.284
692.6000,2.24268,341.165
692.5000,2.22579,341.048
692.4000,2.09346,340.932
692.3000,2.00724,340.814
692.2000,2.0722,340.694
692.1000,2.09162,340.565
692.0000,2.06822,340.448
691.9000,2.10485,340.283
691.8000,2.09605,340.146
691.7000,2.18226,340.032
691.6000,1.99204,339.915
691.5000,1.97388,339.8
691.4000,2.05534,339.68
691.3000,1.98883,339.553
691.2000,2.05714,339.402
691.1000,2.05072,339.279
691.0000,2.06172,339.148
690.9000,2.35373,339.036
690.8000,2.3575,338.922
690.7000,2.36372,338.809
690.6000,2.27934,338.644
690.5000,2.47731,338.536
690.4000,2.44157,338.409
690.3000,2.48426,338.303
690.2000,2.4026,338.179
690.1000,2.33912,338.08
690.0000,2.46844,337.964
689.9000,2.45321,337.865
689.8000,2.48748,337.788
689.7000,2.41855,337.701
689.6000,2.48021,337.62
689.5000,2.35435,337.552
689.4000,2.43125,337.446
689.3000,2.39764,337.377
689.2000,2.42884,337.299
689.1000,2.47888,337.237
689.0000,2.44274,337.174
688.9000,2.48085,337.121
688.8000,2.48913,337.066
688.7000,2.43387,337.024
688.6000,2.3411,336.99
688.5000,2.30454,336.957
688.4000,2.4099,336.92
688.3000,2.35865,336.887
688.2000,2.34045,336.863
688.1000,2.35179,336.832
688.0000,2.33159,336.81
687.9000,2.39963,336.776
687.8000,2.37197,336.756
687.7000,2.13178,336.748
687.6000,2.06667,336.732
687.5000,2.14283,336.717
687.4000,2.20477,336.707
687.3000,1.97066,336.702
687.2000,1.98538,336.703
687.1000,1.99705,336.698
687.0000,2.04177,336.7
686.9000,1.92774,336.685
686.8000,1.96241,336.681
686.7000,1.99847,336.661
686.6000,1.98631,336.655
686.5000,2.09191,336.623
686.4000,2.08131,336.606
686.3000,2.08686,336.581
686.2000,2.01742,336.553
686.1000,2.02766,336.514
686.0000,1.97654,336.489
685.9000,1.97173,336.438
685.8000,1.90367,336.392
685.7000,1.9584,336.353
685.6000,1.91711,336.29
685.5000,2.03998,336.228
685.4000,2.013,336.167
685.3000,2.12429,336.095
685.2000,2.09072,336.019
685.1000,2.13729,335.943
685.0000,2.12579,335.855
684.9000,2.11922,335.781
684.8000,1.99528,335.712
684.7000,1.97549,335.651
684.6000,1.90586,335.585
684.5000,1.81288,335.521
684.4000,1.84629,335.445
684.3000,1.80197,335.378
684.2000,1.66792,335.323
684.1000,1.47997,335.288
684.0000,1.53338,335.244
683.9000,1.58041,335.206
683.8000,1.56589,335.193
683.7000,1.6068,335.17
683.6000,1.60851,335.15
683.5000,1.57057,335.138
683.4000,1.52315,335.148
683.3000,1.6238,335.155
683.2000,1.39557,335.186
683.1000,1.31416,335.217
683.0000,1.32391,335.26
682.9000,1.4276,335.305
682.8000,1.45147,335.358
682.7000,1.46378,335.412
682.6000,1.53296,335.483
682.5000,1.56222,335.562
682.4000,1.71212,335.649
682.3000,1.72946,335.747
682.2000,1.76549,335.857
682.1000,1.69748,335.971
682.0000,1.75549,336.09
681.9000,1.61927,336.168
681.8000,1.63053,336.281
681.7000,1.57678,336.408
681.6000,1.67525,336.545
681.5000,1.69126,336.671
681.4000,1.75065,336.804
681.3000,1.82758,336.921
681.2000,1.93824,337.023
681.1000,2.0036,337.164
681.0000,2.07646,337.264
680.9000,2.02698,337.385
680.8000,2.03899,337.502
680.7000,2.06086,337.579
680.6000,2.1392,337.685
680.5000,2.11559,337.785
680.4000,2.12541,337.888
680.3000,2.1115,337.963
680.2000,2.26933,338.025
680.1000,2.30901,338.089
680.0000,2.33963,338.166
679.9000,2.32481,338.219
679.8000,2.2299,338.274
679.7000,2.27125,338.303
679.6000,2.39287,338.341
679.5000,2.35022,338.366
679.4000,2.24354,338.401
679.3000,2.21882,338.424
679.2000,2.36951,338.45
679.1000,2.24578,338.477
679.0000,2.24089,338.48
678.9000,2.11256,338.482
678.8000,2.10409,338.457
678.7000,2.06686,338.462
678.6000,2.024,338.442
678.5000,2.03659,338.447
678.4000,2.06038,338.451
678.3000,2.00436,338.449
678.2000,1.91249,338.432
678.1000,1.74647,338.417
678.0000,1.64457,338.406
677.9000,1.65398,338.389
677.8000,1.7186,338.366
677.7000,1.73984,338.361
677.6000,1.75914,338.319
677.5000,1.79017,338.311
677.4000,1.7723,338.297
677.3000,1.82233,338.275
677.2000,1.85284,338.254
677.1000,1.81285,338.236
677.0000,1.88345,338.215
676.9000,1.8897,338.204
676.8000,1.92345,338.172
676.7000,1.86593,338.14
676.6000,1.72434,338.124
676.5000,1.70678,338.09
676.4000,1.84746,338.067
676.3000,1.88565,338.044
676.2000,1.86534,338.03
676.1000,1.84747,338.006
676.0000,1.93829,337.978
675.9000,1.88382,337.952
675.8000,1.87287,337.929
675.7000,1.79665,337.907
675.6000,1.78299,337.869
675.5000,1.85915,337.842
675.4000,1.87523,337.832
675.3000,1.9957,337.814
675.2000,1.87677,337.783
675.1000,1.83334,337.777
675.0000,1.85973,337.759
674.9000,1.89813,337.718
674.8000,1.89015,337.694
674.7000,2.01903,337.684
674.6000,2.02805,337.676
674.5000,2.07625,337.67
674.4000,2.06979,337.65
674.3000,1.99392,337.636
674.2000,1.88827,337.616
674.1000,1.7919,337.607
674.0000,1.78485,337.601
673.9000,1.82072,337.602
673.8000,1.7909,337.579
673.7000,1.72379,337.565
673.6000,1.86596,337.546
673.5000,1.80226,337.515
673.4000,1.80181,337.489
673.3000,1.77933,337.475
673.2000,1.67382,337.469
673.1000,1.74641,337.453
673.0000,1.70402,337.457
672.9000,1.53613,337.447
672.8000,1.58787,337.434
672.7000,1.63625,337.423
672.6000,1.55252,337.409
672.5000,1.53501,337.405
672.4000,1.50958,337.397
672.3000,1.57301,337.393
672.2000,1.53508,337.389
672.1000,1.56922,337.375
672.0000,1.54318,337.37
671.9000,1.43293,337.357
671.8000,1.47268,337.35
671.7000,1.4762,337.335
671.6000,1.47344,337.321
671.5000,1.42764,337.319
671.4000,1.57235,337.32
671.3000,1.52087,337.316
671.2000,1.5836,337.312
671.1000,1.68191,337.303
671.0000,1.73727,337.293
670.9000,1.76202,337.295
670.8000,1.76343,337.279
670.7000,1.717,337.252
670.6000,1.58387,337.235
670.5000,1.57573,337.228
670.4000,1.564,337.228
670.3000,1.58281,337.232
670.2000,1.47493,337.216
670.1000,1.36675,337.215
670.0000,1.43158,337.208
669.9000,1.42874,337.2
669.8000,1.44369,337.196
669.7000,1.51915,337.185
669.6000,1.5951,337.168
669.5000,1.72012,337.158
669.4000,1.76356,337.139
669.3000,1.79718,337.13
669.2000,1.83741,337.113
669.1000,1.93727,337.093
669.0000,1.94623,337.094
668.9000,2.05254,337.08
668.8000,1.95909,337.077
668.7000,1.97549,337.064
668.6000,1.92793,337.063
668.5000,1.88806,337.058
668.4000,1.9201,337.036
668.3000,1.88431,337.028
668.2000,1.87149,337.011
668.1000,1.9037,336.993
668.0000,1.85994,336.974
667.9000,1.71178,336.951
667.8000,1.596,336.932
667.7000,1.63303,336.916
667.6000,1.50376,336.934
667.5000,1.76727,336.951
667.4000,1.73175,336.935
667.3000,1.81115,336.929
667.2000,1.8076,336.921
667.1000,1.7888,336.916
667.0000,1.9044,336.916
666.9000,2.01572,336.93
666.8000,1.96012,336.947
666.7000,1.9202,336.945
666.6000,1.90952,336.945
666.5000,1.93625,336.95
666.4000,1.78985,336.973
666.3000,1.75472,336.999
666.2000,1.72331,336.994
666.1000,1.64216,337.018
666.0000,1.60763,337.016
665.9000,1.60193,337.018
665.8000,1.5293,337.017
665.7000,1.51005,337.021
665.6000,1.65002,337.017
665.5000,1.59466,337.037
665.4000,1.67808,337.047
665.3000,1.73121,337.066
665.2000,1.77203,337.078
665.1000,1.8608,337.093
665.0000,1.93634,337.108
664.9000,1.97149,337.134
664.8000,1.83716,337.157
664.7000,1.86925,337.172
664.6000,1.97434,337.193
664.5000,1.99213,337.204
664.4000,1.95982,337.207
664.3000,1.92135,337.197
664.2000,2.09448,337.226
664.1000,2.1179,337.242
664.0000,2.06907,337.244
663.9000,2.11469,337.255
663.8000,1.98236,337.247
663.7000,2.0128,337.237
663.6000,2.02163,337.244
663.5000,1.95886,337.25
663.4000,1.87468,337.259
663.3000,1.88541,337.261
663.2000,1.9556,337.268
663.1000,1.94636,337.266
663.0000,1.95833,337.28
662.9000,2.07211,337.271
662.8000,2.24665,337.278
662.7000,2.24133,337.284
662.6000,2.31365,337.295
662.5000,2.35447,337.301
662.4000,2.31155,337.321
662.3000,2.39281,337.313
662.2000,2.32519,337.311
662.1000,2.20302,337.316
662.0000,2.28822,337.323
661.9000,2.13555,337.316
661.8000,2.02255,337.305
661.7000,1.83921,337.303
661.6000,1.90196,337.289
661.5000,2.13663,337.279
661.4000,2.10617,337.284
661.3000,2.0901,337.278
661.2000,2.24132,337.275
661.1000,2.19317,337.268
661.0000,2.18123,337.274
660.9000,2.1258,337.256
660.8000,2.16539,337.253
660.7000,2.21804,337.248
660.6000,2.28108,337.242
660.5000,2.37716,337.239
660.4000,2.39543,337.251
660.3000,2.43522,337.237
660.2000,2.48556,337.23
660.1000,2.65625,337.221
660.0000,2.64486,337.215
659.9000,2.58266,337.216
659.8000,2.56369,337.208
659.7000,2.44688,337.194
659.6000,2.42067,337.195
659.5000,2.40513,337.193
659.4000,2.21994,337.183
659.3000,2.10963,337.172
659.2000,2.15667,337.142
659.1000,2.10087,337.137
659.0000,2.00576,337.123
658.9000,1.9832,337.11
658.8000,2.0929,337.092
658.7000,2.13963,337.085
658.6000,2.1991,337.076
658.5000,2.23911,337.07
658.4000,2.21667,337.053
658.3000,2.30225,337.03
658.2000,2.3525,337.014
658.1000,2.28802,336.993
658.0000,2.28779,336.974
657.9000,2.17622,336.968
657.8000,2.21001,336.943
657.7000,2.13192,336.942
657.6000,2.12616,336.932
657.5000,2.10348,336.923
657.4000,2.0153,336.903
657.3000,1.93208,336.879
657.2000,1.89268,336.864
657.1000,1.78977,336.859
657.0000,1.75983,336.839
656.9000,1.59597,336.816
656.8000,1.55607,336.804
656.7000,1.61294,336.785
656.6000,1.53789,336.767
656.5000,1.62545,336.74
656.4000,1.66747,336.704
656.3000,1.74201,336.68
656.2000,1.76359,336.638
656.1000,1.8728,336.601
656.0000,1.93459,336.588
655.9000,2.00046,336.565
655.8000,1.92405,336.538
655.7000,1.82391,336.508
655.6000,1.80565,336.474
655.5000,1.808,336.449
655.4000,1.90122,336.418
655.3000,1.85664,336.392
655.2000,1.77837,336.366
655.1000,1.76472,336.321
655.0000,1.72494,336.279
654.9000,1.74847,336.252
654.8000,1.68195,336.232
654.7000,1.72449,336.211
654.6000,1.80411,336.171
654.5000,1.80715,336.141
654.4000,1.83951,336.115
654.3000,1.75977,336.072
654.2000,1.7325,336.028
654.1000,1.79635,335.984
654.0000,1.83196,335.939
653.9000,1.75991,335.911
653.8000,1.81252,335.854
653.7000,1.80972,335.808
653.6000,1.77758,335.765
653.5000,1.76671,335.711
653.4000,1.86638,335.665
653.3000,1.95901,335.628
653.2000,2.03164,335.57
653.1000,1.97977,335.515
653.0000,1.93469,335.457
652.9000,1.93956,335.428
652.8000,1.91262,335.362
652.7000,1.84703,335.3
652.6000,1.89342,335.242
652.5000,1.78091,335.195
652.4000,1.72763,335.111
652.3000,1.92668,335.045
652.2000,1.89658,334.977
652.1000,2.00348,334.898
652.0000,2.01375,334.848
651.9000,2.14438,334.77
651.8000,2.04739,334.693
651.7000,2.14774,334.625
651.6000,2.19905,334.576
651.5000,2.17049,334.506
651.4000,2.25718,334.426
651.3000,2.40011,334.35
651.2000,2.43514,334.272
651.1000,2.24313,334.199
651.0000,2.20745,334.121
650.9000,2.22437,334.057
650.8000,2.23838,333.973
650.7000,2.31469,333.907
650.6000,2.27184,333.834
650.5000,2.32209,333.756
650.4000,2.32114,333.674
650.3000,2.37087,333.629
650.2000,2.29707,333.576
650.1000,2.31808,333.515
650.0000,2.28982,333.464
649.9000,2.30995,333.412
649.8000,2.17055,333.366
649.7000,2.08439,333.314
649.6000,2.01488,333.269
649.5000,2.07077,333.221
649.4000,2.05853,333.197
649.3000,2.07404,333.17
649.2000,2.03431,333.142
649.1000,2.02853,333.119
649.0000,2.00428,333.101
648.9000,1.91844,333.083
648.8000,1.96911,333.062
648.7000,1.97081,333.053
648.6000,2.01229,333.04
648.5000,1.94781,333.046
648.4000,1.89589,333.049
648.3000,1.87808,333.044
648.2000,1.83288,333.057
648.1000,1.77741,333.061
648.0000,1.75594,333.078
647.9000,1.77302,333.085
647.8000,1.70151,333.085
647.7000,1.80898,333.111
647.6000,1.9318,333.156
647.5000,1.86381,333.19
647.4000,1.90527,333.203
647.3000,1.86165,333.24
647.2000,1.80601,333.276
647.1000,1.80647,333.315
647.0000,1.7103,333.347
646.9000,1.93382,333.364
646.8000,1.91968,333.399
646.7000,1.90074,333.427
646.6000,1.79274,333.47
646.5000,1.85867,333.507
646.4000,1.96291,333.54
646.3000,1.95882,333.569
646.2000,1.85676,333.593
646.1000,1.87579,333.602
646.0000,1.94207,333.638
645.9000,2.00656,333.663
645.8000,2.04168,333.696
645.7000,2.11358,333.718
645.6000,2.12344,333.758
645.5000,2.07469,333.788
645.4000,2.04322,333.814
645.3000,2.04769,333.853
645.2000,2.13515,333.869
645.1000,2.11345,333.897
645.0000,2.16786,333.913
644.9000,2.1787,333.931
644.8000,2.17434,333.943
644.7000,2.09337,333.963
644.6000,2.09437,334.004
644.5000,1.99677,334.018
644.4000,1.94721,334.024
644.3000,1.99208,334.019
644.2000,1.94025,334.039
644.1000,1.87848,334.054
644.0000,1.96451,334.074
643.9000,2.07942,334.067
643.8000,2.18396,334.072
643.7000,2.12666,334.075
643.6000,2.06436,334.09
643.5000,2.08244,334.1
643.4000,2.2533,334.083
643.3000,2.26354,334.077
643.2000,2.26153,334.07
643.1000,2.20362,334.07
643.0000,2.32332,334.078
642.9000,2.32794,334.08
642.8000,2.25838,334.087
642.7000,2.29885,334.102
642.6000,2.18821,334.101
642.5000,2.06902,334.113
642.4000,2.08228,334.112
642.3000,2.02227,334.121
642.2000,2.07946,334.105
642.1000,2.15481,334.098
642.0000,2.22274,334.087
641.9000,2.18962,334.089
641.8000,2.10847,334.064
641.7000,2.08693,334.055
641.6000,2.19314,334.052
641.5000,2.12379,334.042
641.4000,2.21582,334.025
641.3000,2.2393,333.996
641.2000,2.38645,333.999
641.1000,2.31314,333.992
641.0000,2.18834,333.978
640.9000,2.29452,333.966
640.8000,2.39464,333.947
640.7000,2.35012,333.936
640.6000,2.37134,333.928
640.5000,2.38277,333.901
640.4000,2.42703,333.89
640.3000,2.35235,333.88
640.2000,2.38505,333.873
640.1000,2.20981,333.863
640.0000,2.21407,333.842
639.9000,2.2572,333.822
639.8000,2.21779,333.802
639.7000,2.26728,333.786
639.6000,2.34401,333.764
639.5000,2.40292,333.745
639.4000,2.368,333.706
639.3000,2.52347,333.673
639.2000,2.54697,333.644
639.1000,2.62418,333.617
639.0000,2.77837,333.59
638.9000,2.82254,333.552
638.8000,2.84957,333.527
638.7000,2.70906,333.513
638.6000,2.54051,333.482
638.5000,2.5174,333.459
638.4000,2.61318,333.456
638.3000,2.62744,333.428
638.2000,2.60258,333.394
638.1000,2.56842,333.366
638.0000,2.46314,333.354
637.9000,2.49475,333.328
637.8000,2.47788,333.305
637.7000,2.53763,333.258
637.6000,2.65708,333.233
637.5000,2.51197,333.208
637.4000,2.51054,333.177
637.3000,2.50865,333.139
637.2000,2.383,333.107
637.1000,2.34218,333.074
637.0000,2.31022,333.03
636.9000,2.38717,332.99
636.8000,2.43853,332.96
636.7000,2.54571,332.932
636.6000,2.44964,332.918
636.5000,2.32794,332.889
636.4000,2.27316,332.857
636.3000,2.12993,332.823
636.2000,2.11526,332.795
636.1000,2.18542,332.772
636.0000,2.13332,332.751
635.9000,2.11363,332.722
635.8000,2.11417,332.712
635.7000,1.90202,332.69
635.6000,1.89138,332.664
635.5000,1.73542,332.648
635.4000,1.78241,332.614
635.3000,1.87741,332.574
635.2000,1.81777,332.525
635.1000,1.90868,332.493
635.0000,1.85252,332.454
634.9000,1.90685,332.441
634.8000,1.92091,332.411
634.7000,1.97256,332.389
634.6000,1.89127,332.358
634.5000,1.93628,332.316
634.4000,1.89129,332.301
634.3000,1.86086,332.282
634.2000,1.97181,332.244
634.1000,1.94843,332.203
634.0000,1.97744,332.187
633.9000,2.02159,332.176
633.8000,2.01203,332.157
633.7000,2.03433,332.123
633.6000,1.95539,332.082
633.5000,1.95016,332.055
633.4000,1.97641,332.016
633.3000,1.99752,331.992
633.2000,2.06788,331.96
633.1000,2.01364,331.937
633.0000,2.01732,331.919
632.9000,1.91551,331.875
632.8000,1.8422,331.83
632.7000,1.92534,331.801
632.6000,1.93204,331.767
632.5000,1.87473,331.74
632.4000,1.86723,331.722
632.3000,1.97514,331.681
632.2000,1.92948,331.652
632.1000,1.86336,331.637
632.0000,1.87636,331.623
631.9000,1.8823,331.615
631.8000,1.84929,331.6
631.7000,1.77593,331.565
631.6000,1.75481,331.543
631.5000,1.74682,331.512
631.4000,1.74925,331.491
631.3000,1.75661,331.483
631.2000,1.81012,331.464
631.1000,1.86397,331.443
631.0000,1.7663,331.434
630.9000,1.79276,331.426
630.8000,1.74341,331.417
630.7000,1.71743,331.389
630.6000,1.64774,331.364
630.5000,1.69796,331.361
630.4000,1.6606,331.338
630.3000,1.7117,331.326
630.2000,1.67822,331.311
630.1000,1.58981,331.311
630.0000,1.64661,331.29
629.9000,1.8009,331.277
629.8000,1.81726,331.273
629.7000,1.72692,331.248
629.6000,1.72505,331.255
629.5000,1.65942,331.242
629.4000,1.66112,331.239
629.3000,1.60164,331.218
629.2000,1.74514,331.198
629.1000,1.84873,331.189
629.0000,1.82795,331.177
628.9000,1.77767,331.168
628.8000,1.73016,331.153
628.7000,1.60896,331.134
628.6000,1.6419,331.123
628.5000,1.54432,331.102
628.4000,1.65759,331.093
628.3000,1.70804,331.077
628.2000,1.68219,331.076
628.1000,1.56643,331.061
628.0000,1.67235,331.035
627.9000,1.61989,331.016
627.8000,1.46744,330.996
627.7000,1.52437,330.97
627.6000,1.6305,330.96
627.5000,1.52245,330.937
627.4000,1.57596,330.916
627.3000,1.58404,330.903
627.2000,1.60168,330.886
627.1000,1.47581,330.86
627.0000,1.46141,330.842
626.9000,1.61546,330.828
626.8000,1.54999,330.804
626.7000,1.7337,330.777
626.6000,1.67971,330.751
626.5000,1.75111,330.74
626.4000,1.6659,330.718
626.3000,1.834,330.698
626.2000,1.85246,330.676
626.1000,1.80953,330.654
626.0000,1.75155,330.636
625.9000,1.81654,330.612
625.8000,1.88453,330.585
625.7000,1.86588,330.566
625.6000,1.86292,330.538
625.5000,1.88208,330.505
625.4000,1.93991,330.483
625.3000,1.91166,330.457
625.2000,2.01196,330.431
625.1000,2.02913,330.393
625.0000,2.17253,330.367
624.9000,2.10104,330.342
624.8000,2.09357,330.313
624.7000,2.0956,330.297
624.6000,2.12529,330.272
624.5000,2.15666,330.241
624.4000,2.24521,330.21
624.3000,2.32934,330.183
624.2000,2.34052,330.155
624.1000,2.33198,330.114
624.0000,2.33308,330.098
623.9000,2.3111,330.072
623.8000,2.32413,330.044
623.7000,2.27946,330.018
623.6000,2.36578,329.999
623.5000,2.35877,329.991
623.4000,2.34578,329.961
623.3000,2.41998,329.933
623.2000,2.49608,329.914
623.1000,2.52749,329.9
623.0000,2.45291,329.869
622.9000,2.36433,329.846
622.8000,2.34349,329.818
622.7000,2.30188,329.808
622.6000,2.44374,329.797
622.5000,2.32818,329.763
622.4000,2.40334,329.755
622.3000,2.37634,329.736
622.2000,2.29466,329.726
622.1000,2.24421,329.721
622.0000,2.40014,329.709
621.9000,2.42171,329.705
621.8000,2.39748,329.694
621.7000,2.36899,329.693
621.6000,2.17276,329.692
621.5000,2.24359,329.672
621.4000,2.32417,329.665
621.3000,2.36383,329.644
621.2000,2.37646,329.626
621.1000,2.32723,329.617
621.0000,2.22696,329.602
620.9000,2.2349,329.592
620.8000,2.18513,329.586
620.7000,2.19984,329.59
620.6000,2.18233,329.572
620.5000,2.30744,329.58
620.4000,2.28691,329.577
620.3000,2.44029,329.57
620.2000,2.38194,329.568
620.1000,2.36865,329.56
620.0000,2.30249,329.564
619.9000,2.17477,329.561
619.8000,2.13068,329.565
619.7000,2.08505,329.576
619.6000,2.14124,329.588
619.5000,2.27122,329.602
619.4000,2.34733,329.584
619.3000,2.24087,329.58
619.2000,2.24881,329.583
619.1000,2.24912,329.583
619.0000,2.28514,329.588
618.9000,2.21498,329.584
618.8000,2.22669,329.583
618.7000,2.12443,329.576
618.6000,2.11767,329.57
618.5000,2.20296,329.574
618.4000,2.22688,329.577
618.3000,2.37274,329.571
618.2000,2.30289,329.574
618.1000,2.1661,329.595
618.0000,2.16948,329.596
617.9000,2.17115,329.616
617.8000,2.04714,329.624
617.7000,2.17373,329.636
617.6000,2.19482,329.653
617.5000,2.08128,329.66
617.4000,2.12594,329.673
617.3000,2.04551,329.677
617.2000,1.97029,329.686
617.1000,1.98268,329.692
617.0000,2.0021,329.686
616.9000,2.01727,329.683
616.8000,1.88471,329.685
616.7000,1.94083,329.677
616.6000,1.93758,329.662
616.5000,1.94924,329.653
616.4000,1.99382,329.649
616.3000,1.92353,329.652
616.2000,1.85477,329.648
616.1000,1.91772,329.666
616.0000,1.93635,329.673
615.9000,2.01157,329.67
615.8000,1.96099,329.675
615.7000,2.04857,329.685
615.6000,2.19634,329.689
615.5000,2.19436,329.7
615.4000,2.17716,329.709
615.3000,2.22437,329.707
615.2000,2.19083,329.708
615.1000,2.07794,329.698
615.0000,2.04036,329.71
614.9000,2.15414,329.708
614.8000,2.10789,329.714
614.7000,2.10549,329.73
614.6000,2.21641,329.739
614.5000,2.1888,329.746
614.4000,2.06118,329.743
614.3000,2.08138,329.751
614.2000,2.12785,329.75
614.1000,2.04235,329.75
614.0000,1.91889,329.762
613.9000,2.02352,329.776
613.8000,2.03353,329.785
613.7000,1.95707,329.784
613.6000,1.82632,329.795
613.5000,1.83936,329.819
613.4000,1.96635,329.839
613.3000,1.9638,329.858
613.2000,1.94028,329.867
613.1000,2.00869,329.88
613.0000,1.93082,329.882
612.9000,1.90578,329.893
612.8000,1.92534,329.899
612.7000,1.81012,329.912
612.6000,1.69224,329.935
612.5000,1.69906,329.938
612.4000,1.70697,329.946
612.3000,1.61236,329.948
612.2000,1.56691,329.961
612.1000,1.47416,329.969
612.0000,1.41295,329.986
611.9000,1.45774,329.996
611.8000,1.5235,330.016
611.7000,1.51557,330.041
611.6000,1.50466,330.052
611.5000,1.48002,330.049
611.4000,1.45858,330.063
611.3000,1.48085,330.076
611.2000,1.56963,330.091
611.1000,1.50098,330.091
611.0000,1.52126,330.091
610.9000,1.53125,330.105
610.8000,1.58364,330.117
610.7000,1.61695,330.141
610.6000,1.59982,330.143
610.5000,1.63938,330.157
610.4000,1.58644,330.163
610.3000,1.59726,330.171
610.2000,1.70971,330.166
610.1000,1.78754,330.181
610.0000,1.7193,330.185
609.9000,1.64507,330.196
609.8000,1.59742,330.201
609.7000,1.6704,330.202
609.6000,1.63866,330.215
609.5000,1.72513,330.227
609.4000,1.78475,330.236
609.3000,1.82279,330.242
609.2000,1.75001,330.247
609.1000,1.77539,330.244
609.0000,1.76895,330.248
608.9000,1.87312,330.242
608.8000,1.94087,330.246
608.7000,1.94135,330.25
608.6000,1.98884,330.263
608.5000,2.08356,330.259
608.4000,2.09631,330.261
608.3000,2.0415,330.255
608.2000,2.02232,330.267
608.1000,2.0787,330.258
608.0000,2.10735,330.254
607.9000,2.13589,330.246
607.8000,2.18682,330.24
607.7000,2.16851,330.252
607.6000,2.24958,330.256
607.5000,2.29029,330.255
607.4000,2.27047,330.246
607.3000,2.2188,330.251
607.2000,2.2399,330.247
607.1000,2.24109,330.245
607.0000,2.24858,330.261
606.9000,2.32462,330.264
606.8000,2.20774,330.256
606.7000,2.23282,330.257
606.6000,2.24275,330.25
606.5000,2.24621,330.236
606.4000,2.20006,330.243
606.3000,2.13671,330.234
606.2000,2.20816,330.217
606.1000,2.17137,330.223
606.0000,2.18804,330.217
605.9000,2.1112,330.208
605.8000,2.23206,330.208
605.7000,2.16548,330.205
605.6000,2.23945,330.205
605.5000,2.16808,330.218
605.4000,2.10669,330.211
605.3000,2.0711,330.207
605.2000,2.01333,330.181
605.1000,1.90623,330.187
605.0000,1.82876,330.176
604.9000,1.81381,330.183
604.8000,1.8282,330.179
604.7000,1.83883,330.181
604.6000,1.83475,330.182
604.5000,1.8108,330.184
604.4000,1.79166,330.186
604.3000,1.90661,330.181
604.2000,1.84554,330.169
604.1000,1.85976,330.163
604.0000,1.91323,330.153
603.9000,1.98244,330.142
603.8000,1.94905,330.144
603.7000,2.00017,330.132
603.6000,2.02665,330.139
603.5000,1.97883,330.124
603.4000,1.9338,330.131
603.3000,2.03954,330.133
603.2000,2.00663,330.129
603.1000,2.08511,330.134
603.0000,1.99494,330.13
602.9000,2.08664,330.114
602.8000,2.10009,330.101
602.7000,1.98697,330.108
602.6000,1.98127,330.092
602.5000,1.90217,330.086
602.4000,1.92269,330.082
602.3000,1.79821,330.074
602.2000,1.84951,330.077
602.1000,1.88275,330.067
602.0000,1.98761,330.049
601.9000,1.99896,330.056
601.8000,2.10108,330.054
601.7000,2.07247,330.068
601.6000,2.12459,330.062
601.5000,2.12721,330.055
601.4000,2.22086,330.063
601.3000,2.19279,330.05
601.2000,2.09434,330.042
601.1000,2.06184,330.032
601.0000,2.02563,330.024
600.9000,2.01646,330.025
600.8000,2.01754,330.009
600.7000,2.01629,330.015
600.6000,2.07957,330.008
600.5000,2.10256,330.005
600.4000,2.04031,329.99
600.3000,2.04936,329.984
600.2000,1.94035,329.978
600.1000,1.99516,329.962
600.0000,1.97067,329.955
599.9000,2.03351,329.942
599.8000,1.95402,329.929
599.7000,1.95227,329.915
599.6000,1.92576,329.894
599.5000,1.86026,329.896
599.4000,1.8078,329.891
599.3000,1.79964,329.885
599.2000,1.92382,329.873
599.1000,1.84574,329.873
599.0000,1.91169,329.85
598.9000,1.94808,329.854
598.8000,1.84479,329.837
598.7000,1.88949,329.831
598.6000,1.86551,329.819
598.5000,1.85753,329.805
598.4000,1.80809,329.789
598.3000,1.77042,329.768
598.2000,1.79802,329.727
598.1000,1.84249,329.688
598.0000,1.84035,329.657
597.9000,1.77091,329.622
597.8000,1.81166,329.595
597.7000,1.86891,329.551
597.6000,1.89217,329.536
597.5000,1.9986,329.504
597.4000,1.91075,329.477
597.3000,1.96671,329.444
597.2000,1.92387,329.407
597.1000,1.8942,329.387
597.0000,1.83635,329.351
596.9000,1.87356,329.317
596.8000,1.98647,329.279
596.7000,2.05004,329.237
596.6000,2.05034,329.178
596.5000,2.05211,329.124
596.4000,2.07223,329.073
596.3000,2.07629,329.023
596.2000,2.18475,328.954
596.1000,2.23717,328.91
596.0000,2.43212,328.864
595.9000,2.43407,328.812
595.8000,2.47025,328.749
595.7000,2.60049,328.711
595.6000,2.51371,328.659
595.5000,2.69923,328.603
595.4000,2.77587,328.529
595.3000,2.81814,328.482
595.2000,2.69623,328.446
595.1000,2.77126,328.399
595.0000,2.84358,328.322
594.9000,2.77776,328.293
594.8000,2.8285,328.269
594.7000,2.76524,328.244
594.6000,2.89928,328.204
594.5000,2.83948,328.167
594.4000,2.82677,328.096
594.3000,2.66155,328.047
594.2000,2.74957,327.973
594.1000,2.69147,327.9
594.0000,2.7267,327.865
593.9000,2.69168,327.811
593.8000,2.69711,327.752
593.7000,2.67593,327.698
593.6000,2.77828,327.659
593.5000,2.66017,327.606
593.4000,2.61504,327.581
593.3000,2.64812,327.541
593.2000,2.679,327.515
593.1000,2.65089,327.473
593.0000,2.62831,327.443
592.9000,2.579,327.374
592.8000,2.52505,327.323
592.7000,2.37147,327.271
592.6000,2.41501,327.224
592.5000,2.34983,327.174
592.4000,2.25546,327.117
592.3000,2.25499,327.065
592.2000,2.21139,327.026
592.1000,2.20184,326.975
592.0000,2.23881,326.921
591.9000,2.19917,326.868
591.8000,2.1713,326.831
591.7000,2.20186,326.781
591.6000,2.16541,326.716
591.5000,2.11394,326.652
591.4000,2.05079,326.571
591.3000,2.15266,326.526
591.2000,2.18123,326.488
591.1000,2.38409,326.434
591.0000,2.32344,326.407
590.9000,2.31433,326.366
590.8000,2.27026,326.317
590.7000,2.27751,326.285
590.6000,2.31344,326.226
590.5000,2.27326,326.177
590.4000,2.22914,326.133
590.3000,2.29127,326.08
590.2000,2.33438,326.047
590.1000,2.38575,326.003
590.0000,2.4566,325.957
589.9000,2.44288,325.913
589.8000,2.47955,325.886
589.7000,2.50459,325.86
589.6000,2.64725,325.829
589.5000,2.7758,325.815
589.4000,2.80536,325.79
589.3000,2.79743,325.752
589.2000,2.90316,325.713
589.1000,2.91784,325.675
589.0000,2.94384,325.625
588.9000,2.8235,325.596
588.8000,2.87229,325.551
588.7000,2.98594,325.505
588.6000,2.99288,325.466
588.5000,3.00671,325.428
588.4000,3.09711,325.404
588.3000,3.09677,325.374
588.2000,3.15084,325.334
588.1000,3.15544,325.306
588.0000,3.08766,325.285
587.9000,3.02916,325.253
587.8000,3.05649,325.229
587.7000,3.11848,325.18
587.6000,3.16692,325.146
587.5000,3.13758,325.099
587.4000,3.19765,325.047
587.3000,3.26155,325.016
587.2000,3.27444,324.973
587.1000,3.29544,324.93
587.0000,3.31172,324.897
586.9000,3.19597,324.862
586.8000,3.18166,324.816
586.7000,3.13409,324.777
586.6000,3.15274,324.724
586.5000,3.20423,324.653
586.4000,3.22036,324.591
586.3000,3.27942,324.524
586.2000,3.27376,324.468
586.1000,3.23308,324.406
586.0000,3.20705,324.345
585.9000,3.19507,324.301
585.8000,3.15242,324.277
585.7000,3.08412,324.238
585.6000,3.04384,324.204
585.5000,3.14622,324.156
585.4000,3.10836,324.126
585.3000,3.05734,324.072
585.2000,3.10026,324.023
585.1000,3.16058,323.985
585.0000,3.16565,323.962
584.9000,3.17411,323.924
584.8000,3.23839,323.902
584.7000,3.28927,323.861
584.6000,3.2818,323.82
584.5000,3.36603,323.788
584.4000,3.34237,323.755
584.3000,3.29311,323.727
584.2000,3.34872,323.697
584.1000,3.37213,323.662
584.0000,3.39264,323.63
583.9000,3.41766,323.588
583.8000,3.48185,323.564
583.7000,3.46408,323.52
583.6000,3.32246,323.49
583.5000,3.40934,323.442
583.4000,3.45775,323.418
583.3000,3.44722,323.396
583.2000,3.41006,323.37
583.1000,3.28053,323.363
583.0000,3.26098,323.363
582.9000,3.16816,323.346
582.8000,3.12997,323.318
582.7000,3.12838,323.292
582.6000,3.1933,323.266
582.5000,3.21639,323.24
582.4000,3.19414,323.214
582.3000,3.24139,323.19
582.2000,3.26301,323.172
582.1000,3.30343,323.152
582.0000,3.31234,323.129
581.9000,3.3783,323.12
581.8000,3.42479,323.105
581.7000,3.48417,323.087
581.6000,3.50258,323.07
581.5000,3.52991,323.059
581.4000,3.48048,323.032
581.3000,3.39629,323.016
581.2000,3.41374,322.997
581.1000,3.49687,322.981
581.0000,3.55716,322.949
580.9000,3.51337,322.908
580.8000,3.54013,322.891
580.7000,3.51327,322.863
580.6000,3.55689,322.814
580.5000,3.55702,322.783
580.4000,3.57087,322.739
580.3000,3.57212,322.706
580.2000,3.66417,322.675
580.1000,3.56592,322.648
580.0000,3.59973,322.608
579.9000,3.58642,322.576
579.8000,3.57696,322.525
579.7000,3.64799,322.486
579.6000,3.71915,322.431
579.5000,3.67357,322.39
579.4000,3.70846,322.353
579.3000,3.80244,322.304
579.2000,3.82442,322.262
579.1000,3.899,322.227
579.0000,3.89137,322.181
578.9000,3.94361,322.141
578.8000,3.98652,322.109
578.7000,3.96039,322.073
578.6000,4.00852,322.047
578.5000,3.95898,322.02
578.4000,4.02344,321.992
578.3000,4.10416,321.968
578.2000,4.21123,321.943
578.1000,4.07286,321.908
578.0000,4.06493,321.862
577.9000,4.0269,321.823
577.8000,4.01819,321.785
577.7000,4.02892,321.752
577.6000,3.90469,321.702
577.5000,3.8823,321.678
577.4000,3.85231,321.645
577.3000,3.87602,321.61
577.2000,3.8624,321.581
577.1000,3.8024,321.555
577.0000,3.84789,321.531
576.9000,3.79527,321.512
576.8000,3.77359,321.496
576.7000,3.81667,321.475
576.6000,3.7982,321.448
576.5000,3.85405,321.432
576.4000,3.86098,321.407
576.3000,3.859,321.383
576.2000,3.89929,321.353
576.1000,3.91658,321.342
576.0000,3.87129,321.321
575.9000,3.96807,321.297
575.8000,4.04884,321.261
575.7000,4.08872,321.229
575.6000,4.03169,321.215
575.5000,3.97397,321.177
575.4000,4.0027,321.157
575.3000,4.0216,321.131
575.2000,4.06431,321.103
575.1000,4.03917,321.071
575.0000,4.0867,321.044
574.9000,4.06608,321.011
574.8000,4.2314,320.96
574.7000,4.05432,320.946
574.6000,4.08885,320.919
574.5000,4.03346,320.882
574.4000,4.1718,320.838
574.3000,4.24563,320.827
574.2000,4.19054,320.796
574.1000,4.22353,320.753
574.0000,4.27071,320.721
573.9000,4.30055,320.692
573.8000,4.30033,320.68
573.7000,4.38068,320.663
573.6000,4.42825,320.63
573.5000,4.49762,320.596
573.4000,4.49921,320.569
573.3000,4.41493,320.536
573.2000,4.44242,320.51
573.1000,4.4042,320.485
573.0000,4.39645,320.456
572.9000,4.416,320.429
572.8000,4.37794,320.409
572.7000,4.34056,320.373
572.6000,4.29801,320.351
572.5000,4.26256,320.322
572.4000,4.24361,320.295
572.3000,4.17612,320.272
572.2000,4.19294,320.238
572.1000,4.25312,320.214
572.0000,4.26479,320.188
571.9000,4.2773,320.159
571.8000,4.30485,320.134
571.7000,4.21127,320.103
571.6000,4.18804,320.064
571.5000,4.21994,320.028
571.4000,4.26858,319.992
571.3000,4.31472,319.966
571.2000,4.31826,319.941
571.1000,4.39588,319.922
571.0000,4.33703,319.896
570.9000,4.25732,319.865
570.8000,4.31071,319.841
570.7000,4.30786,319.817
570.6000,4.30244,319.802
570.5000,4.3518,319.775
570.4000,4.2885,319.735
570.3000,4.18554,319.663
570.2000,4.06668,319.62
570.1000,4.02651,319.57
570.0000,4.09269,319.517
569.9000,4.10775,319.49
569.8000,4.0656,319.458
569.7000,4.02545,319.426
569.6000,4.06475,319.408
569.5000,4.12142,319.383
569.4000,4.1111,319.347
569.3000,4.06102,319.326
569.2000,4.19643,319.285
569.1000,4.14521,319.235
569.0000,4.17336,319.213
568.9000,4.11771,319.175
568.8000,4.08203,319.13
568.7000,4.12995,319.089
568.6000,4.2194,319.068
568.5000,4.09405,319.014
568.4000,4.18637,318.963
568.3000,4.2045,318.94
568.2000,4.0591,318.913
568.1000,3.91702,318.901
568.0000,3.92899,318.886
567.9000,4.00722,318.856
567.8000,4.03114,318.836
567.7000,4.02093,318.817
567.6000,4.06486,318.784
567.5000,3.97281,318.761
567.4000,3.96666,318.737
567.3000,3.91835,318.707
567.2000,3.89324,318.701
567.1000,3.92759,318.685
567.0000,3.90913,318.673
566.9000,3.94008,318.659
566.8000,3.75079,318.66
566.7000,3.85644,318.63
566.6000,3.90179,318.597
566.5000,3.8845,318.589
566.4000,3.93329,318.566
566.3000,3.8653,318.534
566.2000,3.87315,318.51
566.1000,3.91321,318.478
566.0000,3.71776,318.457
565.9000,3.79016,318.444
565.8000,3.80331,318.417
565.7000,3.75886,318.401
565.6000,3.81567,318.371
565.5000,3.80432,318.346
565.4000,3.64991,318.311
565.3000,3.63633,318.296
565.2000,3.4943,318.28
565.1000,3.40054,318.258
565.0000,3.4161,318.233
564.9000,3.51236,318.209
564.8000,3.45956,318.174
564.7000,3.34472,318.152
564.6000,3.18855,318.125
564.5000,3.14003,318.101
564.4000,3.12032,318.042
564.3000,3.14866,317.994
564.2000,3.02101,317.945
564.1000,2.93715,317.901
564.0000,2.86006,317.867
563.9000,2.76377,317.841
563.8000,2.72062,317.813
563.7000,2.69408,317.779
563.6000,2.70756,317.738
563.5000,2.56017,317.716
563.4000,2.49627,317.702
563.3000,2.53507,317.67
563.2000,2.39068,317.636
563.1000,2.34478,317.597
563.0000,2.23375,317.561
562.9000,2.22623,317.522
562.8000,2.18917,317.494
562.7000,2.1087,317.453
562.6000,2.00331,317.415
562.5000,1.92413,317.381
562.4000,1.77875,317.349
562.3000,1.63354,317.317
562.2000,1.51629,317.288
562.1000,1.55129,317.262
562.0000,1.55707,317.213
561.9000,1.51914,317.172
561.8000,1.48671,317.137
561.7000,1.31959,317.102
561.6000,1.26536,317.055
561.5000,1.26386,317.011
561.4000,1.21254,316.952
561.3000,1.23524,316.919
561.2000,1.13353,316.876
561.1000,1.03543,316.843
561.0000,0.94929,316.819
560.9000,0.94437,316.784
560.8000,0.904031,316.75
560.7000,0.85441,316.711
560.6000,0.870464,316.671
560.5000,0.793684,316.632
560.4000,0.855057,316.577
560.3000,0.786295,316.532
560.2000,0.786892,316.481
560.1000,0.76508,316.443
560.0000,0.556189,316.395
559.9000,0.463876,316.358
559.8000,0.462273,316.32
559.7000,0.394829,316.277
559.6000,0.391597,316.25
559.5000,0.388414,316.215
559.4000,0.357149,316.188
559.3000,0.277588,316.169
559.2000,0.269036,316.129
559.1000,0.18081,316.092
559.0000,0.158627,316.036
558.9000,0.240428,315.99
558.8000,0.14511,315.941
558.7000,0.0353657,315.89
558.6000,0.0662219,315.831
558.5000,0.0820839,315.787
558.4000,0.133069,315.729
558.3000,0.00657148,315.693
558.2000,0.00246053,315.673
558.1000,-0.0456632,315.634
558.0000,0.00749291,315.601
557.9000,0.0065286,315.569
557.8000,-0.00877693,315.539
557.7000,0.0636951,315.501
557.6000,0.0235576,315.475
557.5000,0.158374,315.442
557.4000,0.114576,315.4
557.3000,0.0748502,315.358
557.2000,-0.00264849,315.322
557.1000,-0.117257,315.283
557.0000,-0.179352,315.238
556.9000,-0.222116,315.199
556.8000,-0.321626,315.153
556.7000,-0.180076,315.1
556.6000,-0.128078,315.064
556.5000,-0.206285,315.031
556.4000,-0.215385,315.003
556.3000,-0.264368,314.958
556.2000,-0.234289,314.917
556.1000,-0.313576,314.864
556.0000,-0.275443,314.811
555.9000,-0.165212,314.768
555.8000,-0.0857592,314.735
555.7000,-0.17577,314.711
555.6000,-0.236075,314.68
555.5000,-0.159104,314.653
555.4000,-0.200234,314.636
555.3000,-0.179218,314.601
555.2000,-0.221858,314.577
555.1000,-0.279215,314.553
555.0000,-0.337108,314.514
554.9000,-0.378,314.463
554.8000,-0.34279,314.424
554.7000,-0.430072,314.361
554.6000,-0.491101,314.32
554.5000,-0.485686,314.278
554.4000,-0.440454,314.235
554.3000,-0.428643,314.191
554.2000,-0.490471,314.132
554.1000,-0.513087,314.088
554.0000,-0.505964,314.062
553.9000,-0.387729,314.042
553.8000,-0.471728,314.011
553.7000,-0.420723,313.968
553.6000,-0.363383,313.909
553.5000,-0.369192,313.864
553.4000,-0.401368,313.82
553.3000,-0.412115,313.774
553.2000,-0.358451,313.733
553.1000,-0.395098,313.685
553.0000,-0.413503,313.649
552.9000,-0.55097,313.615
552.8000,-0.599284,313.579
552.7000,-0.591534,313.538
552.6000,-0.655324,313.494
552.5000,-0.633102,313.449
552.4000,-0.584796,313.416
552.3000,-0.587115,313.363
552.2000,-0.596062,313.315
552.1000,-0.64273,313.235
552.0000,-0.708678,313.18
551.9000,-0.666047,313.136
551.8000,-0.721869,313.104
551.7000,-0.588829,313.074
551.6000,-0.57287,313.033
551.5000,-0.604366,312.998
551.4000,-0.530151,312.975
551.3000,-0.547143,312.939
551.2000,-0.649301,312.909
551.1000,-0.689025,312.852
551.0000,-0.610434,312.814
550.9000,-0.661539,312.777
550.8000,-0.757918,312.733
550.7000,-0.731569,312.673
550.6000,-0.630089,312.627
550.5000,-0.643863,312.591
550.4000,-0.590334,312.568
550.3000,-0.55009,312.545
550.2000,-0.552508,312.518
550.1000,-0.615084,312.473
550.0000,-0.579187,312.438
549.9000,-0.576192,312.404
549.8000,-0.465455,312.361
549.7000,-0.390005,312.319
549.6000,-0.317051,312.271
549.5000,-0.388095,312.241
549.4000,-0.411018,312.193
549.3000,-0.365902,312.165
549.2000,-0.322932,312.126
549.1000,-0.278426,312.099
549.0000,-0.231068,312.079
548.9000,-0.173091,312.055
548.8000,-0.114979,312.04
548.7000,-0.110031,312.018
548.6000,-0.142216,311.977
548.5000,-0.211752,311.952
548.4000,-0.158632,311.927
548.3000,-0.13439,311.897
548.2000,-0.209378,311.845
548.1000,-0.135931,311.809
548.0000,-0.1416,311.784
547.9000,-0.0860668,311.749
547.8000,-0.100887,311.712
547.7000,-0.0884743,311.681
547.6000,-0.0679508,311.647
547.5000,0.0292438,311.594
547.4000,-0.0715507,311.558
547.3000,-0.0436657,311.516
547.2000,-0.0859217,311.473
547.1000,-0.139565,311.459
547.0000,-0.181687,311.396
546.9000,-0.10391,311.352
546.8000,-0.142295,311.316
546.7000,-0.0857368,311.271
546.6000,-0.0715569,311.228
546.5000,-0.128036,311.196
546.4000,-0.144452,311.169
546.3000,-0.16863,311.144
546.2000,-0.177572,311.121
546.1000,-0.193281,311.099
546.0000,-0.240472,311.078
545.9000,-0.194496,311.043
545.8000,-0.232055,311.015
545.7000,-0.312862,310.98
545.6000,-0.289047,310.941
545.5000,-0.266512,310.904
545.4000,-0.209492,310.87
545.3000,-0.18531,310.835
545.2000,-0.253963,310.788
545.1000,-0.261199,310.744
545.0000,-0.278587,310.721
544.9000,-0.250252,310.69
544.8000,-0.253217,310.648
544.7000,-0.246952,310.612
544.6000,-0.230523,310.572
544.5000,-0.291498,310.538
544.4000,-0.287246,310.511
544.3000,-0.260529,310.49
544.2000,-0.190622,310.477
544.1000,-0.112389,310.456
544.0000,-0.162984,310.432
543.9000,-0.0980089,310.431
543.8000,-0.0360533,310.418
543.7000,0.00615132,310.391
543.6000,-0.0114842,310.393
543.5000,-0.0199429,310.361
543.4000,-0.118581,310.337
543.3000,-0.129484,310.31
543.2000,-0.0924418,310.299
543.1000,-0.0100291,310.26
543.0000,-0.00276474,310.237
542.9000,0.108434,310.218
542.8000,0.1331,310.18
542.7000,0.168646,310.147
542.6000,0.135902,310.104
542.5000,0.0839886,310.072
542.4000,0.00197258,310.026
542.3000,0.0372744,309.995
542.2000,0.0238505,309.956
542.1000,0.0162537,309.921
542.0000,-0.0577619,309.877
541.9000,-0.0129556,309.841
541.8000,0.115501,309.804
541.7000,0.0716491,309.766
541.6000,0.0540518,309.731
541.5000,0.0207484,309.702
541.4000,0.0206747,309.679
541.3000,0.0230772,309.65
541.2000,0.0565342,309.629
541.1000,0.0497069,309.587
541.0000,0.0430823,309.554
540.9000,0.0372179,309.514
540.8000,0.0461323,309.482
540.7000,-0.0296522,309.458
540.6000,0.0525159,309.443
540.5000,0.0327854,309.424
540.4000,-0.0028043,309.396
540.3000,0.0507073,309.359
540.2000,0.16175,309.331
540.1000,0.141777,309.312
540.0000,0.212806,309.283
539.9000,0.234986,309.254
539.8000,0.21034,309.235
539.7000,0.116578,309.221
539.6000,0.17069,309.17
539.5000,0.181461,309.146
539.4000,0.146337,309.12
539.3000,0.122869,309.098
539.2000,0.0651029,309.082
539.1000,0.0903261,309.07
539.0000,0.220522,309.057
538.9000,0.227293,309.047
538.8000,0.270791,309.02
538.7000,0.257966,308.984
538.6000,0.262204,308.946
538.5000,0.276857,308.92
538.4000,0.277758,308.897
538.3000,0.352807,308.869
538.2000,0.324618,308.845
538.1000,0.2873,308.823
538.0000,0.315224,308.79
537.9000,0.298063,308.753
537.8000,0.302452,308.717
537.7000,0.302106,308.681
537.6000,0.330221,308.652
537.5000,0.367218,308.61
537.4000,0.360106,308.568
537.3000,0.305949,308.512
537.2000,0.249909,308.458
537.1000,0.224916,308.409
537.0000,0.225146,308.358
536.9000,0.201277,308.315
536.8000,0.175029,308.275
536.7000,0.201785,308.252
536.6000,0.182375,308.24
536.5000,0.0934669,308.209
536.4000,0.0968184,308.177
536.3000,0.0608585,308.12
536.2000,0.0849929,308.092
536.1000,0.0764856,308.055
536.0000,0.0621561,308.024
535.9000,0.0740965,307.978
535.8000,0.0565467,307.941
535.7000,0.088215,307.895
535.6000,0.0520847,307.846
535.5000,0.0373151,307.783
535.4000,-0.012186,307.752
535.3000,-0.0325636,307.725
535.2000,0.0353442,307.696
535.1000,0.00984795,307.678
535.0000,-0.0321247,307.637
534.9000,0.00739295,307.593
534.8000,0.0365572,307.564
534.7000,0.0210231,307.527
534.6000,0.0598319,307.486
534.5000,-0.0180818,307.456
534.4000,-0.0832537,307.42
534.3000,-0.160778,307.394
534.2000,-0.1815,307.356
534.1000,-0.179488,307.33
534.0000,-0.154474,307.316
533.9000,-0.193523,307.285
533.8000,-0.148612,307.244
533.7000,-0.220994,307.202
533.6000,-0.204566,307.178
533.5000,-0.215607,307.145
533.4000,-0.194287,307.1
533.3000,-0.143698,307.029
533.2000,-0.0568197,306.974
533.1000,-0.013801,306.92
533.0000,-0.0736066,306.884
532.9000,-0.102983,306.848
532.8000,-0.162887,306.799
532.7000,-0.146373,306.769
532.6000,-0.162755,306.723
532.5000,-0.0451898,306.678
532.4000,0.0101099,306.627
532.3000,-0.0657383,306.582
532.2000,0.0217048,306.537
532.1000,0.0416782,306.512
532.0000,0.0863638,306.466
531.9000,-0.00909102,306.42
531.8000,0.0993881,306.373
531.7000,0.0267054,306.331
531.6000,0.00236214,306.298
531.5000,-0.0797319,306.261
531.4000,0.0357119,306.232
531.3000,0.0503346,306.202
531.2000,0.0240934,306.195
531.1000,0.0455242,306.16
531.0000,0.0306963,306.112
530.9000,0.0571288,306.059
530.8000,0.0137014,306.011
530.7000,0.0368696,305.955
530.6000,-0.0809409,305.914
530.5000,-0.0220261,305.892
530.4000,0.0693086,305.844
530.3000,0.0502689,305.799
530.2000,0.0663127,305.755
530.1000,0.0616504,305.718
530.0000,-0.0305865,305.687
529.9000,-0.0322521,305.652
529.8000,-0.0200976,305.604
529.7000,0.0771835,305.568
529.6000,0.0977122,305.519
529.5000,0.147226,305.483
529.4000,-0.0174345,305.436
529.3000,-0.0524862,305.403
529.2000,-0.126431,305.377
529.1000,-0.0954408,305.355
529.0000,-0.0801506,305.325
528.9000,-0.209455,305.286
528.8000,-0.206306,305.242
528.7000,-0.214224,305.187
528.6000,-0.189013,305.141
528.5000,-0.148261,305.101
528.4000,-0.144714,305.068
528.3000,-0.080095,305.024
528.2000,-0.0605452,304.983
528.1000,-0.0408257,304.929
528.0000,-0.0565191,304.896
527.9000,-0.00569172,304.858
527.8000,0.127954,304.818
527.7000,0.141521,304.784
527.6000,0.187406,304.746
527.5000,0.276384,304.705
527.4000,0.372469,304.671
527.3000,0.415826,304.611
527.2000,0.377067,304.567
527.1000,0.296382,304.53
527.0000,0.198759,304.495
526.9000,0.181395,304.444
526.8000,0.157388,304.388
526.7000,0.156312,304.341
526.6000,0.0750708,304.31
526.5000,0.0825911,304.264
526.4000,0.040282,304.228
526.3000,0.00757846,304.205
526.2000,-0.000108056,304.166
526.1000,0.0818435,304.118
526.0000,0.12805,304.076
525.9000,0.182329,304.035
525.8000,0.190068,303.989
525.7000,0.268418,303.954
525.6000,0.316457,303.931
525.5000,0.228391,303.914
525.4000,0.1804,303.889
525.3000,0.1806,303.85
525.2000,0.0438611,303.809
525.1000,0.154503,303.759
525.0000,0.221248,303.714
524.9000,0.160595,303.677
524.8000,0.102585,303.641
524.7000,0.100508,303.57
524.6000,0.0800752,303.515
524.5000,-0.0454363,303.465
524.4000,-0.0927647,303.414
524.3000,-0.096502,303.374
524.2000,-0.151529,303.322
524.1000,-0.255179,303.275
524.0000,-0.184884,303.238
523.9000,-0.183622,303.205
523.8000,-0.147665,303.158
523.7000,-0.061046,303.1
523.6000,-0.0740596,303.048
523.5000,-0.0717827,303.021
523.4000,-0.0613838,302.982
523.3000,-0.055024,302.94
523.2000,-0.0894459,302.892
523.1000,-0.00788633,302.83
523.0000,-0.0510686,302.791
522.9000,-0.0698235,302.74
522.8000,-0.110022,302.695
522.7000,-0.135213,302.654
522.6000,-0.226848,302.595
522.5000,-0.344313,302.561
522.4000,-0.391156,302.512
522.3000,-0.459026,302.45
522.2000,-0.403042,302.379
522.1000,-0.38061,302.316
522.0000,-0.390347,302.278
521.9000,-0.39007,302.238
521.8000,-0.449803,302.196
521.7000,-0.505106,302.147
521.6000,-0.457732,302.08
521.5000,-0.428191,302.019
521.4000,-0.489541,301.97
521.3000,-0.489201,301.935
521.2000,-0.479401,301.889
521.1000,-0.455778,301.842
521.0000,-0.46328,301.807
520.9000,-0.530997,301.771
520.8000,-0.448992,301.726
520.7000,-0.491178,301.668
520.6000,-0.517522,301.612
520.5000,-0.551523,301.555
520.4000,-0.532846,301.513
520.3000,-0.643628,301.47
520.2000,-0.628197,301.425
520.1000,-0.598735,301.393
520.0000,-0.644791,301.351
519.9000,-0.649648,301.298
519.8000,-0.681917,301.271
519.7000,-0.759414,301.231
519.6000,-0.746972,301.187
519.5000,-0.788963,301.138
519.4000,-0.765651,301.075
519.3000,-0.760098,301.02
519.2000,-0.735681,300.97
519.1000,-0.664757,300.918
519.0000,-0.731173,300.876
518.9000,-0.769365,300.832
518.8000,-0.873254,300.804
518.7000,-0.970844,300.748
518.6000,-0.969944,300.709
518.5000,-0.968909,300.647
518.4000,-1.08319,300.59
518.3000,-1.09456,300.557
518.2000,-1.17863,300.506
518.1000,-1.22918,300.459
518.0000,-1.19228,300.41
517.9000,-1.21765,300.362
517.8000,-1.27159,300.319
517.7000,-1.33747,300.285
517.6000,-1.35718,300.227
517.5000,-1.33367,300.166
517.4000,-1.32439,300.12
517.3000,-1.35814,300.082
517.2000,-1.39118,300.043
517.1000,-1.48517,299.998
517.0000,-1.40412,299.955
516.9000,-1.46233,299.912
516.8000,-1.45827,299.87
516.7000,-1.49133,299.801
516.6000,-1.48894,299.729
516.5000,-1.52412,299.67
516.4000,-1.51655,299.609
516.3000,-1.5394,299.552
516.2000,-1.42891,299.504
516.1000,-1.46791,299.468
516.0000,-1.5154,299.425
515.9000,-1.47622,299.384
515.8000,-1.46793,299.334
515.7000,-1.47299,299.292
515.6000,-1.54051,299.242
515.5000,-1.44972,299.165
515.4000,-1.39963,299.107
515.3000,-1.45076,299.042
515.2000,-1.4305,298.999
515.1000,-1.37384,298.942
515.0000,-1.44135,298.891
514.9000,-1.38381,298.841
514.8000,-1.33974,298.799
514.7000,-1.32934,298.76
514.6000,-1.42438,298.694
514.5000,-1.39246,298.626
514.4000,-1.32675,298.579
514.3000,-1.24442,298.528
514.2000,-1.24623,298.475
514.1000,-1.25269,298.421
514.0000,-1.23955,298.375
513.9000,-1.27,298.338
513.8000,-1.23401,298.284
513.7000,-1.24128,298.225
513.6000,-1.25268,298.157
513.5000,-1.23263,298.094
513.4000,-1.14665,298.042
513.3000,-1.15953,298.02
513.2000,-1.073,298.004
513.1000,-1.07195,297.974
513.0000,-1.08192,297.929
512.9000,-1.13118,297.896
512.8000,-1.15734,297.848
512.7000,-1.05405,297.792
512.6000,-1.0523,297.759
512.5000,-1.01595,297.699
512.4000,-0.98951,297.65
512.3000,-0.920179,297.6
512.2000,-0.977676,297.558
512.1000,-1.01847,297.512
512.0000,-0.962137,297.463
511.9000,-0.89302,297.436
511.8000,-0.945194,297.397
511.7000,-0.940604,297.357
511.6000,-0.842779,297.331
511.5000,-0.969974,297.288
511.4000,-1.0311,297.229
511.3000,-1.02988,297.209
511.2000,-1.07356,297.198
511.1000,-1.09462,297.162
511.0000,-1.15156,297.116
510.9000,-1.24044,297.075
510.8000,-1.27574,297.048
510.7000,-1.27908,297.012
510.6000,-1.2986,296.955
510.5000,-1.28449,296.908
510.4000,-1.35857,296.874
510.3000,-1.30179,296.847
510.2000,-1.24434,296.838
510.1000,-1.33219,296.804
510.0000,-1.41108,296.782
509.9000,-1.44441,296.738
509.8000,-1.49468,296.68
509.7000,-1.43944,296.642
509.6000,-1.42771,296.593
509.5000,-1.3979,296.54
509.4000,-1.43708,296.518
509.3000,-1.43503,296.482
509.2000,-1.46739,296.451
509.1000,-1.48302,296.415
509.0000,-1.53324,296.368
508.9000,-1.56403,296.313
508.8000,-1.58342,296.261
508.7000,-1.53053,296.24
508.6000,-1.49713,296.2
508.5000,-1.52504,296.162
508.4000,-1.53382,296.122
508.3000,-1.59197,296.06
508.2000,-1.5744,295.998
508.1000,-1.57041,295.968
508.0000,-1.48231,295.935
507.9000,-1.43324,295.875
507.8000,-1.41873,295.824
507.7000,-1.37213,295.783
507.6000,-1.32193,295.745
507.5000,-1.30334,295.711
507.4000,-1.35199,295.652
507.3000,-1.36537,295.611
507.2000,-1.38286,295.567
507.1000,-1.37781,295.519
507.0000,-1.39058,295.47
506.9000,-1.39027,295.416
506.8000,-1.42369,295.355
506.7000,-1.42114,295.329
506.6000,-1.40779,295.277
506.5000,-1.43389,295.222
506.4000,-1.40261,295.174
506.3000,-1.41416,295.121
506.2000,-1.35917,295.048
506.1000,-1.3811,295.004
506.0000,-1.34654,294.934
505.9000,-1.33602,294.881
505.8000,-1.32919,294.814
505.7000,-1.32867,294.745
505.6000,-1.24925,294.705
505.5000,-1.26928,294.654
505.4000,-1.22804,294.591
505.3000,-1.23665,294.552
505.2000,-1.25986,294.49
505.1000,-1.27259,294.427
505.0000,-1.26336,294.379
504.9000,-1.32329,294.335
504.8000,-1.33764,294.3
504.7000,-1.30903,294.245
504.6000,-1.4233,294.188
504.5000,-1.40099,294.131
504.4000,-1.36059,294.089
504.3000,-1.41411,294.034
504.2000,-1.47852,293.966
504.1000,-1.41625,293.919
504.0000,-1.4184,293.892
503.9000,-1.4327,293.852
503.8000,-1.48952,293.797
503.7000,-1.51771,293.753
503.6000,-1.45253,293.696
503.5000,-1.4522,293.657
503.4000,-1.45132,293.622
503.3000,-1.44841,293.569
503.2000,-1.39884,293.528
503.1000,-1.39977,293.493
503.0000,-1.42029,293.462
502.9000,-1.39931,293.446
502.8000,-1.46999,293.426
502.7000,-1.44915,293.399
502.6000,-1.53567,293.357
502.5000,-1.57562,293.327
502.4000,-1.49332,293.304
502.3000,-1.52975,293.278
502.2000,-1.52719,293.251
502.1000,-1.60918,293.232
502.0000,-1.59982,293.21
501.9000,-1.66452,293.175
501.8000,-1.61563,293.14
501.7000,-1.62212,293.117
501.6000,-1.63404,293.084
501.5000,-1.63711,293.048
501.4000,-1.65952,293.016
501.3000,-1.62683,292.989
501.2000,-1.67197,292.961
501.1000,-1.68673,292.934
501.0000,-1.67052,292.912
500.9000,-1.63435,292.89
500.8000,-1.71267,292.868
500.7000,-1.64731,292.818
500.6000,-1.589,292.763
500.5000,-1.53641,292.731
500.4000,-1.4685,292.684
500.3000,-1.55492,292.661
500.2000,-1.56273,292.629
500.1000,-1.54656,292.573
500.0000,-1.47861,292.53
499.9000,-1.50103,292.501
499.8000,-1.47049,292.463
499.7000,-1.4358,292.422
499.6000,-1.49421,292.379
499.5000,-1.473,292.336
499.4000,-1.41834,292.307
499.3000,-1.40476,292.269
499.2000,-1.34514,292.225
499.1000,-1.41263,292.174
499.0000,-1.43317,292.13
498.9000,-1.47508,292.074
498.8000,-1.36975,292.032
498.7000,-1.36464,291.992
498.6000,-1.35892,291.949
498.5000,-1.37251,291.894
498.4000,-1.33296,291.833
498.3000,-1.35548,291.79
498.2000,-1.34087,291.735
498.1000,-1.32159,291.68
498.0000,-1.29653,291.624
497.9000,-1.23849,291.582
497.8000,-1.23425,291.523
497.7000,-1.19702,291.471
497.6000,-1.1915,291.408
497.5000,-1.17729,291.347
497.4000,-1.20199,291.299
497.3000,-1.23298,291.247
497.2000,-1.27803,291.202
497.1000,-1.23766,291.143
497.0000,-1.22308,291.054
496.9000,-1.24425,290.992
496.8000,-1.27615,290.927
496.7000,-1.33532,290.846
496.6000,-1.32574,290.761
496.5000,-1.31951,290.68
496.4000,-1.30709,290.597
496.3000,-1.32163,290.507
496.2000,-1.36143,290.396
496.1000,-1.37931,290.287
496.0000,-1.39417,290.177
495.9000,-1.48565,290.09
495.8000,-1.49727,289.985
495.7000,-1.53557,289.869
495.6000,-1.49941,289.752
495.5000,-1.5582,289.618
495.4000,-1.55846,289.484
495.3000,-1.57162,289.345
495.2000,-1.59337,289.2
495.1000,-1.53369,289.051
495.0000,-1.51663,288.898
494.9000,-1.45919,288.746
494.8000,-1.42798,288.584
494.7000,-1.38097,288.418
494.6000,-1.41978,288.244
494.5000,-1.45508,288.066
494.4000,-1.42572,287.889
494.3000,-1.46578,287.692
494.2000,-1.45419,287.505
494.1000,-1.48735,287.327
494.0000,-1.53883,287.134
493.9000,-1.53105,286.925
493.8000,-1.57438,286.736
493.7000,-1.57259,286.546
493.6000,-1.5608,286.35
493.5000,-1.56773,286.148
493.4000,-1.50345,285.982
493.3000,-1.54284,285.822
493.2000,-1.53105,285.652
493.1000,-1.62304,285.517
493.0000,-1.62782,285.376
492.9000,-1.58779,285.266
492.8000,-1.60005,285.191
492.7000,-1.54994,285.146
492.6000,-1.50089,285.109
492.5000,-1.40438,285.083
492.4000,-1.39889,285.084
492.3000,-1.36298,285.086
492.2000,-1.29107,285.107
492.1000,-1.27742,285.148
492.0000,-1.21933,285.193
491.9000,-1.22224,285.235
491.8000,-1.24817,285.311
491.7000,-1.23681,285.402
491.6000,-1.23047,285.487
491.5000,-1.23022,285.591
491.4000,-1.23277,285.7
491.3000,-1.28843,285.803
491.2000,-1.32316,285.918
491.1000,-1.30281,286.044
491.0000,-1.33529,286.18
490.9000,-1.31652,286.315
490.8000,-1.29137,286.452
490.7000,-1.24028,286.593
490.6000,-1.20451,286.743
490.5000,-1.16577,286.884
490.4000,-1.14824,287.019
490.3000,-1.06842,287.167
490.2000,-0.984585,287.334
490.1000,-1.05154,287.482
490.0000,-1.04772,287.624
489.9000,-1.08435,287.764
489.8000,-1.03195,287.867
489.7000,-1.009,287.969
489.6000,-1.03576,288.089
489.5000,-1.00117,288.164
489.4000,-1.09957,288.22
489.3000,-1.08835,288.263
489.2000,-1.15818,288.288
489.1000,-1.19467,288.303
489.0000,-1.25254,288.3
488.9000,-1.27268,288.305
488.8000,-1.26343,288.282
488.7000,-1.3518,288.275
488.6000,-1.34219,288.277
488.5000,-1.35881,288.249
488.4000,-1.33099,288.222
488.3000,-1.33989,288.195
488.2000,-1.35351,288.144
488.1000,-1.33475,288.1
488.0000,-1.30431,288.069
487.9000,-1.332,288.024
487.8000,-1.30115,287.977
487.7000,-1.33666,287.919
487.6000,-1.31926,287.851
487.5000,-1.37052,287.784
487.4000,-1.38717,287.718
487.3000,-1.37671,287.657
487.2000,-1.45048,287.598
487.1000,-1.54799,287.531
487.0000,-1.65307,287.465
486.9000,-1.62143,287.389
486.8000,-1.59143,287.307
486.7000,-1.54982,287.208
486.6000,-1.48141,287.119
486.5000,-1.51205,287.038
486.4000,-1.53046,286.948
486.3000,-1.54163,286.843
486.2000,-1.59059,286.737
486.1000,-1.58637,286.624
486.0000,-1.62805,286.496
485.9000,-1.61038,286.367
485.8000,-1.63627,286.247
485.7000,-1.55135,286.133
485.6000,-1.54685,285.99
485.5000,-1.60794,285.852
485.4000,-1.55789,285.699
485.3000,-1.54883,285.543
485.2000,-1.56527,285.384
485.1000,-1.56922,285.221
485.0000,-1.59959,285.059
484.9000,-1.59809,284.898
484.8000,-1.63341,284.783
484.7000,-1.62739,284.634
484.6000,-1.611,284.447
484.5000,-1.58994,284.271
484.4000,-1.54585,284.119
484.3000,-1.55546,283.969
484.2000,-1.53735,283.826
484.1000,-1.56354,283.686
484.0000,-1.64412,283.545
483.9000,-1.635,283.402
483.8000,-1.55644,283.272
483.7000,-1.5034,283.176
483.6000,-1.37249,283.049
483.5000,-1.45827,282.91
483.4000,-1.44638,282.783
483.3000,-1.44804,282.671
483.2000,-1.4271,282.545
483.1000,-1.41603,282.424
483.0000,-1.38452,282.29
482.9000,-1.35943,282.191
482.8000,-1.31037,282.061
482.7000,-1.28232,281.933
482.6000,-1.26728,281.835
482.5000,-1.29936,281.735
482.4000,-1.24663,281.619
482.3000,-1.33211,281.531
482.2000,-1.28553,281.465
482.1000,-1.27312,281.421
482.0000,-1.25156,281.399
481.9000,-1.30685,281.383
481.8000,-1.31705,281.386
481.7000,-1.33235,281.393
481.6000,-1.31736,281.424
481.5000,-1.36488,281.484
481.4000,-1.36596,281.545
481.3000,-1.36809,281.611
481.2000,-1.33433,281.708
481.1000,-1.29831,281.807
481.0000,-1.31743,281.894
480.9000,-1.33547,281.988
480.8000,-1.33962,282.064
480.7000,-1.29201,282.159
480.6000,-1.19101,282.258
480.5000,-1.2504,282.377
480.4000,-1.2743,282.479
480.3000,-1.32588,282.589
480.2000,-1.36571,282.705
480.1000,-1.38111,282.823
480.0000,-1.42469,282.948
479.9000,-1.47337,283.073
479.8000,-1.46803,283.199
479.7000,-1.48628,283.335
479.6000,-1.48483,283.515
479.5000,-1.50959,283.663
479.4000,-1.49225,283.806
479.3000,-1.52586,283.961
479.2000,-1.49867,284.111
479.1000,-1.4952,284.277
479.0000,-1.49383,284.424
478.9000,-1.5611,284.561
478.8000,-1.58811,284.68
478.7000,-1.61565,284.772
478.6000,-1.57454,284.871
478.5000,-1.52436,284.961
478.4000,-1.53927,285.015
478.3000,-1.55018,285.053
478.2000,-1.50293,285.074
478.1000,-1.42944,285.074
478.0000,-1.46013,285.064
477.9000,-1.51394,285.048
477.8000,-1.51887,285.038
477.7000,-1.52514,285.011
477.6000,-1.51286,284.975
477.5000,-1.56876,284.934
477.4000,-1.59569,284.894
477.3000,-1.54322,284.838
477.2000,-1.5529,284.773
477.1000,-1.52532,284.713
477.0000,-1.5445,284.638
476.9000,-1.5341,284.559
476.8000,-1.5425,284.486
476.7000,-1.45897,284.386
476.6000,-1.50691,284.286
476.5000,-1.49633,284.183
476.4000,-1.50618,284.043
476.3000,-1.51548,283.93
476.2000,-1.53843,283.816
476.1000,-1.52226,283.686
476.0000,-1.48448,283.527
475.9000,-1.4691,283.387
475.8000,-1.40029,283.191
475.7000,-1.30912,282.971
475.6000,-1.28046,282.737
475.5000,-1.22269,282.473
475.4000,-1.21779,282.195
475.3000,-1.21445,281.866
475.2000,-1.23397,281.513
475.1000,-1.25312,281.125
475.0000,-1.25265,280.727
474.9000,-1.27871,280.323
474.8000,-1.30401,279.93
474.7000,-1.30468,279.553
474.6000,-1.25486,279.206
474.5000,-1.25028,278.89
474.4000,-1.24596,278.627
474.3000,-1.2384,278.45
474.2000,-1.3015,278.235
474.1000,-1.27109,278.053
474.0000,-1.2514,277.889
473.9000,-1.26362,277.743
473.8000,-1.30405,277.622
473.7000,-1.32101,277.517
473.6000,-1.31577,277.408
473.5000,-1.26694,277.303
473.4000,-1.27402,277.206
473.3000,-1.25876,277.133
473.2000,-1.26098,277.039
473.1000,-1.26101,276.942
473.0000,-1.31324,276.864
472.9000,-1.31422,276.775
472.8000,-1.36951,276.664
472.7000,-1.40716,276.562
472.6000,-1.42302,276.483
472.5000,-1.46702,276.435
472.4000,-1.50339,276.404
472.3000,-1.50702,276.372
472.2000,-1.48999,276.351
472.1000,-1.56309,276.349
472.0000,-1.51991,276.384
471.9000,-1.56678,276.46
471.8000,-1.53017,276.548
471.7000,-1.51328,276.657
471.6000,-1.48975,276.764
471.5000,-1.45562,276.876
471.4000,-1.46926,276.978
471.3000,-1.49501,277.049
471.2000,-1.51211,277.087
471.1000,-1.58685,277.078
471.0000,-1.56018,277.03
470.9000,-1.52461,276.935
470.8000,-1.50473,276.809
470.7000,-1.55575,276.68
470.6000,-1.56506,276.499
470.5000,-1.57155,276.289
470.4000,-1.52236,275.997
470.3000,-1.5426,275.753
470.2000,-1.60053,275.506
470.1000,-1.621,275.251
470.0000,-1.66236,275
469.9000,-1.65003,274.73
469.8000,-1.66703,274.455
469.7000,-1.67901,274.172
469.6000,-1.65108,273.89
469.5000,-1.66013,273.578
469.4000,-1.64852,273.333
469.3000,-1.68617,273.065
469.2000,-1.69221,272.763
469.1000,-1.78626,272.543
469.0000,-1.83173,272.362
468.9000,-1.86398,272.184
468.8000,-1.89787,272.037
468.7000,-1.97255,271.915
468.6000,-2.03299,271.82
468.5000,-2.05143,271.758
468.4000,-2.13349,271.742
468.3000,-2.15171,271.751
468.2000,-2.24703,271.79
468.1000,-2.32352,271.852
468.0000,-2.38928,271.938
467.9000,-2.33763,272.055
467.8000,-2.39487,272.177
467.7000,-2.4872,272.301
467.6000,-2.53572,272.489
467.5000,-2.5503,272.661
467.4000,-2.53774,272.861
467.3000,-2.55608,273.062
467.2000,-2.57461,273.273
467.1000,-2.62899,273.56
467.0000,-2.66205,273.801
466.9000,-2.72201,274.048
466.8000,-2.68628,274.307
466.7000,-2.76926,274.578
466.6000,-2.80298,274.847
466.5000,-2.77001,275.131
466.4000,-2.8231,275.42
466.3000,-2.82998,275.717
466.2000,-2.85912,276.003
466.1000,-2.94278,276.308
466.0000,-2.9207,276.589
465.9000,-2.99722,276.877
465.8000,-3.08515,277.132
465.7000,-3.12752,277.353
465.6000,-3.14375,277.544
465.5000,-3.17472,277.769
465.4000,-3.14216,277.944
465.3000,-3.14864,278.084
465.2000,-3.1559,278.192
465.1000,-3.21868,278.271
465.0000,-3.29278,278.349
464.9000,-3.35474,278.375
464.8000,-3.35688,278.388
464.7000,-3.39488,278.404
464.6000,-3.49893,278.395
464.5000,-3.54752,278.386
464.4000,-3.57248,278.374
464.3000,-3.5352,278.346
464.2000,-3.59702,278.313
464.1000,-3.69147,278.296
464.0000,-3.81253,278.296
463.9000,-3.85428,278.285
463.8000,-3.9397,278.279
463.7000,-4.01204,278.267
463.6000,-4.04984,278.293
463.5000,-4.15037,278.314
463.4000,-4.25695,278.349
463.3000,-4.35095,278.388
463.2000,-4.44733,278.468
463.1000,-4.50919,278.528
463.0000,-4.63541,278.604
462.9000,-4.70879,278.687
462.8000,-4.68187,278.753
462.7000,-4.72689,278.866
462.6000,-4.84224,278.98
462.5000,-4.86239,279.093
462.4000,-4.90408,279.205
462.3000,-5.00395,279.367
462.2000,-5.07071,279.537
462.1000,-5.18676,279.659
462.0000,-5.28154,279.819
461.9000,-5.35622,280.006
461.8000,-5.43666,280.182
461.7000,-5.46549,280.377
461.6000,-5.52683,280.582
461.5000,-5.59679,280.792
461.4000,-5.66393,280.988
461.3000,-5.68948,281.18
461.2000,-5.76696,281.376
461.1000,-5.84962,281.635
461.0000,-6.00474,281.822
460.9000,-6.05591,282.009
460.8000,-6.09725,282.168
460.7000,-6.09498,282.306
460.6000,-6.20892,282.457
460.5000,-6.30152,282.587
460.4000,-6.31294,282.744
460.3000,-6.4041,282.856
460.2000,-6.42121,282.941
460.1000,-6.47454,283.019
460.0000,-6.59517,283.104
459.9000,-6.67519,283.172
459.8000,-6.81649,283.253
459.7000,-6.90262,283.311
459.6000,-7.05936,283.363
459.5000,-7.2104,283.425
459.4000,-7.25465,283.469
459.3000,-7.36366,283.523
459.2000,-7.45827,283.583
459.1000,-7.52612,283.641
459.0000,-7.59753,283.698
458.9000,-7.68494,283.762
458.8000,-7.75372,283.833
458.7000,-7.9091,283.891
458.6000,-8.06725,283.985
458.5000,-8.20042,284.065
458.4000,-8.3417,284.129
458.3000,-8.47019,284.215
458.2000,-8.5241,284.313
458.1000,-8.62753,284.417
458.0000,-8.77204,284.518
457.9000,-8.95552,284.632
457.8000,-9.03415,284.741
457.7000,-9.11382,284.848
457.6000,-9.25015,284.974
457.5000,-9.35342,285.093
457.4000,-9.55283,285.234
457.3000,-9.70889,285.384
457.2000,-9.85109,285.532
457.1000,-9.94108,285.695
457.0000,-10.0856,285.856
456.9000,-10.1563,285.994
456.8000,-10.3326,286.181
456.7000,-10.4311,286.356
456.6000,-10.589,286.535
456.5000,-10.6938,286.71
456.4000,-10.7821,286.893
456.3000,-10.8792,287.074
456.2000,-11.0607,287.248
456.1000,-11.2106,287.421
456.0000,-11.4266,287.587
455.9000,-11.492,287.756
455.8000,-11.6033,287.944
455.7000,-11.6922,288.118
455.6000,-11.8707,288.282
455.5000,-11.9747,288.442
455.4000,-12.1808,288.601
455.3000,-12.2249,288.708
455.2000,-12.3997,288.86
455.1000,-12.4819,289.006
455.0000,-12.5987,289.163
454.9000,-12.7359,289.275
454.8000,-12.9956,289.375
454.7000,-13.1434,289.469
454.6000,-13.3159,289.535
454.5000,-13.4808,289.589
454.4000,-13.6737,289.619
454.3000,-13.905,289.623
454.2000,-14.1193,289.627
454.1000,-14.3208,289.6
454.0000,-14.4901,289.561
453.9000,-14.694,289.538
453.8000,-14.8276,289.539
453.7000,-15.0587,289.541
453.6000,-15.2314,289.567
453.5000,-15.4382,289.6
453.4000,-15.5856,289.644
453.3000,-15.8181,289.705
453.2000,-15.9715,289.771
453.1000,-16.1814,289.851
453.0000,-16.4006,289.927
452.9000,-16.6595,290.003
452.8000,-16.8015,290.068
452.7000,-16.9598,290.127
452.6000,-17.158,290.172
452.5000,-17.379,290.191
452.4000,-17.6415,290.175
452.3000,-17.9011,290.142
452.2000,-18.1281,290.079
452.1000,-18.3606,289.994
452.0000,-18.5707,289.875
451.9000,-18.8481,289.728
451.8000,-19.1747,289.567
451.7000,-19.43,289.429
451.6000,-19.6751,289.296
451.5000,-19.884,289.209
451.4000,-20.2123,289.164
451.3000,-20.4245,289.159
451.2000,-20.7121,289.244
451.1000,-20.9277,289.363
451.0000,-21.1591,289.564
450.9000,-21.3558,289.781
450.8000,-21.5341,290.046
450.7000,-21.7728,290.33
450.6000,-22.0192,290.621
450.5000,-22.2677,290.903
450.4000,-22.4777,291.191
450.3000,-22.7581,291.451
450.2000,-23.0491,291.699
450.1000,-23.348,291.956
450.0000,-23.5811,292.198
449.9000,-23.8726,292.436
449.8000,-24.1605,292.669
449.7000,-24.4678,292.911
449.6000,-24.7794,293.146
449.5000,-25.1179,293.403
449.4000,-25.427,293.656
449.3000,-25.7106,293.944
449.2000,-26.0222,294.251
449.1000,-26.3478,294.582
449.0000,-26.6334,294.938
448.9000,-26.9253,295.339
448.8000,-27.2182,295.744
448.7000,-27.5624,296.206
448.6000,-27.9055,296.698
448.5000,-28.1137,297.189
448.4000,-28.397,297.66
448.3000,-28.7439,298.13
448.2000,-29.0745,298.586
448.1000,-29.3504,299.008
448.0000,-29.7021,299.42
447.9000,-30.0688,299.757
447.8000,-30.3599,300.108
447.7000,-30.6914,300.385
447.6000,-31.1312,300.657
447.5000,-31.5237,300.904
447.4000,-31.8742,301.14
447.3000,-32.3067,301.417
447.2000,-32.6496,301.636
447.1000,-33.01,301.84
447.0000,-33.3167,302.05
446.9000,-33.6258,302.259
446.8000,-33.9923,302.45
446.7000,-34.3775,302.661
446.6000,-34.6956,302.846
446.5000,-34.9887,303.054
446.4000,-35.3243,303.24
446.3000,-35.5112,303.428
446.2000,-35.8242,303.618
446.1000,-36.1856,303.816
446.0000,-36.5429,303.992
445.9000,-36.924,304.171
445.8000,-37.2562,304.367
445.7000,-37.6066,304.557
445.6000,-38.0235,304.762
445.5000,-38.3114,304.97
445.4000,-38.6827,305.159
445.3000,-39.0529,305.352
445.2000,-39.4366,305.539
445.1000,-39.8112,305.755
445.0000,-40.0815,305.961
444.9000,-40.431,306.163
444.8000,-40.8479,306.364
444.7000,-41.2084,306.55
444.6000,-41.6235,306.752
444.5000,-41.9584,306.939
444.4000,-42.3006,307.144
444.3000,-42.6597,307.335
444.2000,-42.9755,307.538
444.1000,-43.3798,307.749
444.0000,-43.7458,307.961
443.9000,-44.0643,308.162
443.8000,-44.5125,308.385
443.7000,-45.004,308.602
443.6000,-45.4397,308.812
443.5000,-45.7769,309.038
443.4000,-46.0328,309.246
443.3000,-46.4941,309.465
443.2000,-46.8822,309.664
443.1000,-47.278,309.889
443.0000,-47.6889,310.105
442.9000,-48.1027,310.329
442.8000,-48.4707,310.545
442.7000,-48.8785,310.794
442.6000,-49.1943,311.04
442.5000,-49.6513,311.268
442.4000,-50.0488,311.492
442.3000,-50.3562,311.714
442.2000,-50.8009,311.939
442.1000,-51.2207,312.221
442.0000,-51.5903,312.452
441.9000,-51.991,312.69
441.8000,-52.4191,312.925
441.7000,-52.8892,313.157
441.6000,-53.2817,313.396
441.5000,-53.6762,313.649
441.4000,-54.1181,313.892
441.3000,-54.5045,314.147
441.2000,-55.0055,314.374
441.1000,-55.4688,314.611
441.0000,-55.8429,314.86
440.9000,-56.2626,315.095
440.8000,-56.6713,315.32
440.7000,-57.0646,315.554
440.6000,-57.4772,315.776
440.5000,-57.857,315.981
440.4000,-58.3087,316.204
440.3000,-58.6087,316.423
440.2000,-59.036,316.629
440.1000,-59.6189,316.856
440.0000,-59.9831,317.088
439.9000,-60.2723,317.274
439.8000,-60.6891,317.497
439.7000,-61.2883,317.737
439.6000,-61.7379,317.981
439.5000,-62.1641,318.231
439.4000,-62.64,318.481
439.3000,-63.0106,318.724
439.2000,-63.4993,318.978
439.1000,-63.9634,319.234
439.0000,-64.5242,319.505
438.9000,-64.9654,319.77
438.8000,-65.4465,320.053
438.7000,-65.9016,320.328
438.6000,-66.32,320.609
438.5000,-66.7403,320.885
438.4000,-67.1472,321.17
438.3000,-67.6532,321.455
438.2000,-68.1694,321.732
438.1000,-68.5636,322.027
438.0000,-68.9167,322.322
437.9000,-69.286,322.621
437.8000,-69.7863,322.932
437.7000,-70.2397,323.165
437.6000,-70.6484,323.492
437.5000,-71.1093,323.81
437.4000,-71.5123,324.142
437.3000,-72.0844,324.47
437.2000,-72.5024,324.811
437.1000,-72.9702,325.137
437.0000,-73.3736,325.462
436.9000,-73.89,325.794
436.8000,-74.2701,326.134
436.7000,-74.7673,326.472
436.6000,-75.2276,326.808
436.5000,-75.6324,327.153
436.4000,-75.9946,327.565
436.3000,-76.4743,327.874
436.2000,-76.8743,328.189
436.1000,-77.2975,328.51
436.0000,-77.7334,328.831
435.9000,-78.1694,329.14
435.8000,-78.479,329.453
435.7000,-78.8876,329.765
435.6000,-79.3634,330.07
435.5000,-79.6308,330.385
435.4000,-79.9773,330.682
435.3000,-80.3453,330.975
435.2000,-80.805,331.284
435.1000,-81.1478,331.583
435.0000,-81.5627,331.886
434.9000,-82.0039,332.193
434.8000,-82.4327,332.475
434.7000,-82.8557,332.779
434.6000,-83.2355,333.076
434.5000,-83.6007,333.446
434.4000,-83.961,333.734
434.3000,-84.2429,334.019
434.2000,-84.5066,334.301
434.1000,-84.8642,334.587
434.0000,-85.0878,334.891
433.9000,-85.5473,335.18
433.8000,-85.7488,335.493
433.7000,-86.0903,335.773
433.6000,-86.4384,336.065
433.5000,-86.7979,336.35
433.4000,-87.0667,336.642
433.3000,-87.3658,336.929
433.2000,-87.8149,337.221
433.1000,-88.285,337.574
433.0000,-88.6101,337.867
432.9000,-88.8636,338.153
432.8000,-89.285,338.433
432.7000,-89.616,338.742
432.6000,-90.0655,339.035
432.5000,-90.3837,339.324
432.4000,-90.7991,339.607
432.3000,-91.0642,339.889
432.2000,-91.4321,340.175
432.1000,-91.7545,340.454
432.0000,-92.0717,340.746
431.9000,-92.3376,341.014
431.8000,-92.792,341.3
431.7000,-93.0191,341.581
431.6000,-93.1685,341.873
431.5000,-93.3754,342.17
431.4000,-93.8516,342.444
431.3000,-94.1913,342.726
431.2000,-94.5553,343.006
431.1000,-94.6627,343.299
431.0000,-95.0042,343.574
430.9000,-95.2239,343.851
430.8000,-95.5074,344.126
430.7000,-95.8807,344.399
430.6000,-96.1679,344.674
430.5000,-96.4606,344.948
430.4000,-96.5786,345.232
430.3000,-96.734,345.514
430.2000,-96.9563,345.801
430.1000,-97.1646,346.088
430.0000,-97.3958,346.361
429.9000,-97.5943,346.637
429.8000,-97.7735,346.938
429.7000,-97.972,347.288
429.6000,-98.2257,347.564
429.5000,-98.2649,347.838
429.4000,-98.4611,348.099
429.3000,-98.6058,348.38
429.2000,-98.6686,348.661
429.1000,-98.797,348.927
429.0000,-98.9363,349.212
428.9000,-99.112,349.485
428.8000,-99.2977,349.777
428.7000,-99.3939,350.059
428.6000,-99.5171,350.346
428.5000,-99.552,350.63
428.4000,-99.7765,350.831
428.3000,-100.05,351.107
428.2000,-100.256,351.395
428.1000,-100.196,351.658
428.0000,-100.178,351.931
427.9000,-100.024,352.215
427.8000,-100.145,352.483
427.7000,-100.315,352.767
427.6000,-100.343,353.052
427.5000,-100.451,353.337
427.4000,-100.498,353.599
427.3000,-100.556,353.877
427.2000,-100.651,354.149
427.1000,-100.811,354.432
427.0000,-100.833,354.703
426.9000,-100.797,354.987
426.8000,-100.925,355.259
426.7000,-100.901,355.533
426.6000,-100.782,355.811
426.5000,-100.778,356.052
426.4000,-100.92,356.327
426.3000,-100.837,356.606
426.2000,-100.965,356.89
426.1000,-100.989,357.167
426.0000,-100.849,357.454
425.9000,-100.825,357.72
425.8000,-100.79,358.011
425.7000,-100.6,358.299
425.6000,-100.531,358.563
425.5000,-100.507,358.859
425.4000,-100.425,359.142
425.3000,-100.416,359.414
425.2000,-100.25,359.701
425.1000,-99.9562,359.977
425.0000,-99.8891,360.262
424.9000,-99.6009,360.536
424.8000,-99.4735,360.823
424.7000,-99.4293,361.11
424.6000,-99.544,361.4
424.5000,-99.7258,361.674
424.4000,-99.4982,361.877
424.3000,-99.4427,362.169
424.2000,-99.3675,362.445
424.1000,-99.1017,362.739
424.0000,-98.9056,363.03
423.9000,-98.6712,363.319
423.8000,-98.5812,363.611
423.7000,-98.481,363.903
423.6000,-98.1635,364.193
423.5000,-98.2554,364.476
423.4000,-97.931,364.749
423.3000,-97.8328,365.039
423.2000,-97.7734,365.33
423.1000,-97.552,365.612
423.0000,-97.3082,365.883
422.9000,-97.1153,366.15
422.8000,-96.8903,366.415
422.7000,-96.9035,366.682
422.6000,-96.7379,366.923
422.5000,-96.495,367.178
422.4000,-96.2976,367.41
422.3000,-96.2703,367.659
422.2000,-96.0424,367.884
422.1000,-95.7345,368.109
422.0000,-95.5934,368.316
421.9000,-95.4158,368.582
421.8000,-95.4471,368.794
421.7000,-95.3219,369.016
421.6000,-95.1151,369.222
421.5000,-94.8812,369.43
421.4000,-94.4922,369.615
421.3000,-94.2694,369.816
421.2000,-93.894,370.029
421.1000,-93.6868,370.236
421.0000,-93.5755,370.431
420.9000,-93.3635,370.621
420.8000,-93.2811,370.834
420.7000,-93.1053,371.044
420.6000,-92.8272,371.276
420.5000,-92.6455,371.51
420.4000,-92.5717,371.751
420.3000,-92.6222,371.994
420.2000,-92.4946,372.26
420.1000,-92.3322,372.529
420.0000,-92.1991,372.789
419.9000,-92.0119,373.069
419.8000,-92.0038,373.342
419.7000,-91.9478,373.622
419.6000,-91.6708,373.886
419.5000,-91.597,374.179
419.4000,-91.4294,374.462
419.3000,-91.4803,374.742
419.2000,-91.4564,375.02
419.1000,-91.295,375.307
419.0000,-91.2271,375.592
418.9000,-91.0859,375.899
418.8000,-91.0772,376.192
418.7000,-90.8609,376.491
418.6000,-90.6893,376.797
418.5000,-90.5637,377.1
418.4000,-90.4718,377.403
418.3000,-90.1231,377.699
418.2000,-90.19,378.003
418.1000,-90.1647,378.304
418.0000,-90.2505,378.589
417.9000,-90.2965,378.889
417.8000,-90.337,379.165
417.7000,-90.1275,379.448
417.6000,-90.2012,379.735
417.5000,-90.2299,380.07
417.4000,-90.222,380.317
417.3000,-90.2885,380.56
417.2000,-90.2691,380.782
417.1000,-90.2355,380.99
417.0000,-90.1882,381.195
416.9000,-90.1444,381.378
416.8000,-90.0944,381.548
416.7000,-90.2638,381.7
416.6000,-90.401,381.863
416.5000,-90.3104,382.012
416.4000,-90.4444,382.153
416.3000,-90.6652,382.301
416.2000,-90.6268,382.421
416.1000,-90.6851,382.545
416.0000,-90.6691,382.683
415.9000,-90.6272,382.795
415.8000,-90.6557,382.917
415.7000,-90.8489,383.031
415.6000,-91.0888,383.12
415.5000,-91.1439,383.22
415.4000,-91.4256,383.32
415.3000,-91.5253,383.399
415.2000,-91.8035,383.47
415.1000,-91.9356,383.531
415.0000,-92.2537,383.602
414.9000,-92.517,383.642
414.8000,-92.8921,383.691
414.7000,-92.8946,383.738
414.6000,-93.0029,383.751
414.5000,-93.1251,383.768
414.4000,-93.1707,383.79
414.3000,-93.4239,383.798
414.2000,-93.623,383.798
414.1000,-93.9261,383.798
414.0000,-94.2942,383.787
413.9000,-94.2832,383.785
413.8000,-94.3927,383.772
413.7000,-94.8236,383.756
413.6000,-94.9934,383.735
413.5000,-95.2127,383.716
413.4000,-95.3252,383.706
413.3000,-95.406,383.681
413.2000,-95.7375,383.648
413.1000,-95.9774,383.608
413.0000,-96.3013,383.583
412.9000,-96.3975,383.534
412.8000,-96.6152,383.474
412.7000,-96.9094,383.418
412.6000,-97.3968,383.364
412.5000,-97.8048,383.294
412.4000,-98.1266,383.219
412.3000,-98.3447,383.161
412.2000,-98.7213,383.099
412.1000,-98.9721,383.007
412.0000,-99.166,382.935
411.9000,-99.3279,382.846
411.8000,-99.568,382.748
411.7000,-99.889,382.64
411.6000,-100.064,382.543
411.5000,-100.15,382.441
411.4000,-100.397,382.325
411.3000,-100.646,382.229
411.2000,-100.9,382.126
411.1000,-101.343,382.01
411.0000,-101.61,381.902
410.9000,-101.738,381.773
410.8000,-101.935,381.653
410.7000,-102.009,381.509
410.6000,-102.219,381.364
410.5000,-102.442,381.205
410.4000,-102.404,381.054
410.3000,-102.533,380.898
410.2000,-102.706,380.726
410.1000,-102.973,380.546
410.0000,-103.003,380.375
409.9000,-102.925,380.197
409.8000,-103.189,379.98
409.7000,-103.216,379.794
409.6000,-103.413,379.618
409.5000,-103.648,379.443
409.4000,-103.71,379.252
409.3000,-103.582,379.063
409.2000,-103.478,378.872
409.1000,-103.396,378.689
409.0000,-103.36,378.478
408.9000,-103.335,378.263
408.8000,-103.305,378.065
408.7000,-103.547,377.797
408.6000,-103.548,377.594
408.5000,-103.552,377.376
408.4000,-103.458,377.156
408.3000,-103.423,376.923
408.2000,-103.525,376.707
408.1000,-103.474,376.485
408.0000,-103.531,376.244
407.9000,-103.369,375.944
407.8000,-103.365,375.706
407.7000,-103.195,375.476
407.6000,-103.327,375.244
407.5000,-103.481,375.004
407.4000,-103.37,374.757
407.3000,-103.409,374.518
407.2000,-103.423,374.274
407.1000,-103.502,374
407.0000,-103.412,373.744
406.9000,-103.397,373.433
406.8000,-103.329,373.185
406.7000,-103.278,372.925
406.6000,-103.211,372.664
406.5000,-103.095,372.385
406.4000,-102.923,372.119
406.3000,-102.721,371.847
406.2000,-102.677,371.561
406.1000,-102.522,371.281
406.0000,-102.538,371.004
405.9000,-102.583,370.71
405.8000,-102.393,370.408
405.7000,-102.203,370.119
405.6000,-102.119,369.826
405.5000,-102.088,369.617
405.4000,-101.715,369.314
405.3000,-101.591,369.025
405.2000,-101.507,368.733
405.1000,-101.337,368.456
405.0000,-101.332,368.18
404.9000,-101.131,367.884
404.8000,-100.945,367.592
404.7000,-100.81,367.311
404.6000,-100.65,367.036
404.5000,-100.467,366.748
404.4000,-100.317,366.539
404.3000,-100.174,366.248
404.2000,-99.8617,365.95
404.1000,-99.566,365.66
404.0000,-99.2542,365.358
403.9000,-99.0745,365.05
403.8000,-98.7076,364.766
403.7000,-98.5036,364.483
403.6000,-98.3748,364.173
403.5000,-98.2186,363.875
403.4000,-98.1792,363.558
403.3000,-97.9834,363.255
403.2000,-97.6596,362.946
403.1000,-97.5433,362.72
403.0000,-97.4584,362.405
402.9000,-97.1746,362.106
402.8000,-96.8124,361.786
402.7000,-96.6343,361.483
402.6000,-96.4386,361.167
402.5000,-96.1232,360.861
402.4000,-95.9399,360.552
402.3000,-95.7056,360.226
402.2000,-95.5139,359.919
402.1000,-95.1974,359.594
402.0000,-95.0572,359.274
401.9000,-94.8949,358.952
401.8000,-94.5025,358.651
401.7000,-94.2449,358.322
401.6000,-94.0011,357.999
401.5000,-93.7162,357.686
401.4000,-93.4709,357.373
401.3000,-93.2551,357.048
401.2000,-92.8774,356.719
401.1000,-92.6919,356.396
401.0000,-92.4339,356.076
400.9000,-92.1496,355.748
400.8000,-91.9121,355.443
400.7000,-91.6797,355.12
400.6000,-91.5504,354.792
400.5000,-91.4075,354.485
400.4000,-91.1775,354.14
400.3000,-90.94,353.814
400.2000,-90.6483,353.495
400.1000,-90.197,353.177
400.0000,-89.8378,352.862
399.9000,-89.7019,352.533
399.8000,-89.491,352.225
399.7000,-89.267,351.9
399.6000,-88.9046,351.58
399.5000,-88.6679,351.283
399.4000,-88.3443,350.968
399.3000,-87.8676,350.572
399.2000,-87.698,350.279
399.1000,-87.4388,349.984
399.0000,-87.3357,349.679
398.9000,-87.101,349.389
398.8000,-86.866,349.091
398.7000,-86.5722,348.797
398.6000,-86.2641,348.493
398.5000,-86.0024,348.198
398.4000,-85.7506,347.904
398.3000,-85.544,347.62
398.2000,-85.2962,347.337
398.1000,-85.0126,347.054
398.0000,-84.6886,346.779
397.9000,-84.357,346.493
397.8000,-84.2029,346.13
397.7000,-84.0629,345.855
397.6000,-83.7839,345.591
397.5000,-83.4578,345.314
397.4000,-83.2771,345.068
397.3000,-82.9517,344.819
397.2000,-82.7116,344.57
397.1000,-82.4799,344.332
397.0000,-82.2136,344.109
396.9000,-82.0741,343.883
396.8000,-81.7318,343.598
396.7000,-81.4795,343.365
396.6000,-81.1329,343.151
396.5000,-80.8571,342.922
396.4000,-80.6957,342.706
396.3000,-80.4877,342.488
396.2000,-80.3885,342.276
396.1000,-80.2529,342.059
396.0000,-80.0325,341.853
395.9000,-79.7038,341.629
395.8000,-79.4515,341.417
395.7000,-79.1478,341.218
395.6000,-78.7554,340.986
395.5000,-78.4714,340.786
395.4000,-78.265,340.588
395.3000,-78.1073,340.382
395.2000,-77.9808,340.167
395.1000,-77.652,339.977
395.0000,-77.3391,339.772
394.9000,-77.1583,339.557
394.8000,-76.8279,339.343
394.7000,-76.5952,339.124
394.6000,-76.3744,338.93
394.5000,-76.0244,338.743
394.4000,-75.5917,338.543
394.3000,-75.3773,338.343
394.2000,-75.1872,338.148
394.1000,-74.8752,337.937
394.0000,-74.6694,337.715
393.9000,-74.3886,337.511
393.8000,-74.1075,337.303
393.7000,-73.8772,337.083
393.6000,-73.5096,336.845
393.5000,-73.2985,336.62
393.4000,-73.1605,336.402
393.3000,-72.8884,336.176
393.2000,-72.6593,335.953
393.1000,-72.466,335.718
393.0000,-72.1552,335.497
392.9000,-71.8557,335.269
392.8000,-71.5024,335.054
392.7000,-71.348,334.819
392.6000,-71.0942,334.602
392.5000,-70.8037,334.386
392.4000,-70.6258,334.159
392.3000,-70.3501,333.93
392.2000,-70.1482,333.716
392.1000,-69.8719,333.493
392.0000,-69.674,333.268
391.9000,-69.3235,333.058
391.8000,-69.0961,332.818
391.7000,-68.8772,332.577
391.6000,-68.6342,332.34
391.5000,-68.4121,332.13
391.4000,-68.1542,331.911
391.3000,-67.8156,331.635
391.2000,-67.5643,331.414
391.1000,-67.3767,331.201
391.0000,-67.1451,330.977
390.9000,-66.926,330.757
390.8000,-66.6119,330.539
390.7000,-66.2737,330.313
390.6000,-65.9849,330.092
390.5000,-65.751,329.867
390.4000,-65.432,329.661
390.3000,-65.3024,329.446
390.2000,-65.0853,329.227
390.1000,-64.8263,329.009
390.0000,-64.635,328.786
389.9000,-64.4538,328.568
389.8000,-64.2066,328.362
389.7000,-63.973,328.142
389.6000,-63.7248,327.926
389.5000,-63.4366,327.702
389.4000,-63.0714,327.472
389.3000,-62.8495,327.241
389.2000,-62.6244,327.031
389.1000,-62.4121,326.812
389.0000,-62.2138,326.601
388.9000,-61.9328,326.37
388.8000,-61.6683,326.16
388.7000,-61.3563,325.951
388.6000,-61.1267,325.73
388.5000,-60.8179,325.521
388.4000,-60.4929,325.324
388.3000,-60.2215,325.12
388.2000,-59.9996,324.895
388.1000,-59.7366,324.669
388.0000,-59.5228,324.44
387.9000,-59.253,324.215
387.8000,-58.9873,323.984
387.7000,-58.677,323.75
387.6000,-58.4221,323.523
387.5000,-58.2188,323.281
387.4000,-57.9366,323.069
387.3000,-57.7647,322.869
387.2000,-57.4437,322.655
387.1000,-57.2079,322.421
387.0000,-56.7888,322.206
386.9000,-56.4616,321.99
386.8000,-56.0603,321.769
386.7000,-55.7441,321.544
386.6000,-55.2658,321.313
386.5000,-54.984,321.089
386.4000,-54.6141,320.867
386.3000,-54.3473,320.662
386.2000,-54.1027,320.448
386.1000,-53.8448,320.234
386.0000,-53.5921,320.026
385.9000,-53.2283,319.798
385.8000,-52.9652,319.577
385.7000,-52.7131,319.353
385.6000,-52.4964,319.144
385.5000,-52.203,318.923
385.4000,-51.9213,318.708
385.3000,-51.6255,318.489
385.2000,-51.3715,318.26
385.1000,-51.1345,318.03
385.0000,-50.9506,317.816
384.9000,-50.6861,317.599
384.8000,-50.3893,317.402
384.7000,-50.1333,317.197
384.6000,-49.7967,316.989
384.5000,-49.4801,316.772
384.4000,-49.178,316.556
384.3000,-48.9044,316.339
384.2000,-48.5939,316.124
384.1000,-48.3799,315.907
384.0000,-48.1322,315.695
383.9000,-47.9675,315.472
383.8000,-47.762,315.27
383.7000,-47.5019,315.064
383.6000,-47.2117,314.857
383.5000,-47.0323,314.652
383.4000,-46.7946,314.455
383.3000,-46.639,314.255
383.2000,-46.4169,314.057
383.1000,-46.1353,313.869
383.0000,-45.8744,313.661
382.9000,-45.6653,313.453
382.8000,-45.3017,313.264
382.7000,-45.0839,313.084
382.6000,-44.8027,312.893
382.5000,-44.5364,312.71
382.4000,-44.1967,312.519
382.3000,-43.8828,312.333
382.2000,-43.5813,312.139
382.1000,-43.414,311.953
382.0000,-43.1379,311.761
381.9000,-42.8155,311.594
381.8000,-42.5437,311.419
381.7000,-42.2148,311.236
381.6000,-41.9944,311.055
381.5000,-41.8146,310.866
381.4000,-41.5612,310.686
381.3000,-41.3749,310.521
381.2000,-41.0461,310.353
381.1000,-40.7284,310.192
381.0000,-40.3845,310.03
380.9000,-40.1459,309.874
380.8000,-39.9137,309.724
380.7000,-39.5831,309.563
380.6000,-39.2397,309.408
380.5000,-38.965,309.23
380.4000,-38.7335,309.058
380.3000,-38.4249,308.899
380.2000,-38.221,308.751
380.1000,-37.9261,308.607
380.0000,-37.6174,308.451
379.9000,-37.3043,308.303
379.8000,-37.1247,308.145
379.7000,-36.904,308.008
379.6000,-36.6049,307.868
379.5000,-36.3626,307.719
379.4000,-36.1867,307.567
379.3000,-35.9473,307.421
379.2000,-35.7036,307.276
379.1000,-35.4724,307.133
379.0000,-35.3957,307.023
378.9000,-35.1821,306.897
378.8000,-34.9185,306.754
378.7000,-34.6574,306.632
378.6000,-34.5436,306.484
378.5000,-34.3252,306.328
378.4000,-34.0879,306.179
378.3000,-33.7352,306.051
378.2000,-33.4207,305.917
378.1000,-33.124,305.796
378.0000,-32.9259,305.651
377.9000,-32.7454,305.524
377.8000,-32.5471,305.393
377.7000,-32.3539,305.263
377.6000,-32.0477,305.141
377.5000,-31.8515,305.001
377.4000,-31.5813,304.873
377.3000,-31.3235,304.725
377.2000,-31.1396,304.606
377.1000,-30.8909,304.493
377.0000,-30.7208,304.376
376.9000,-30.4144,304.26
376.8000,-30.2288,304.131
376.7000,-29.98,304.016
376.6000,-29.7952,303.905
376.5000,-29.5814,303.784
376.4000,-29.3345,303.665
376.3000,-29.2011,303.538
376.2000,-28.9383,303.421
376.1000,-28.7278,303.3
376.0000,-28.4762,303.181
375.9000,-28.2252,303.057
375.8000,-28.1417,302.945
375.7000,-27.8572,302.831
375.6000,-27.6144,302.715
375.5000,-27.3518,302.604
375.4000,-27.2065,302.486
375.3000,-26.9543,302.38
375.2000,-26.677,302.282
375.1000,-26.5127,302.179
375.0000,-26.3841,302.101
374.9000,-26.2186,301.99
374.8000,-26.0466,301.889
374.7000,-25.7683,301.791
374.6000,-25.4967,301.684
374.5000,-25.3348,301.578
374.4000,-25.1918,301.468
374.3000,-25.0968,301.353
374.2000,-24.8764,301.257
374.1000,-24.7328,301.151
374.0000,-24.515,301.042
373.9000,-24.3719,300.937
373.8000,-24.1944,300.847
373.7000,-23.987,300.751
373.6000,-23.835,300.65
373.5000,-23.6758,300.527
373.4000,-23.4773,300.42
373.3000,-23.2847,300.317
373.2000,-23.1555,300.215
373.1000,-22.9643,300.105
373.0000,-22.7833,300.012
372.9000,-22.515,299.901
372.8000,-22.3761,299.801
372.7000,-22.1175,299.704
372.6000,-21.8888,299.626
372.5000,-21.6429,299.525
372.4000,-21.4682,299.412
372.3000,-21.3216,299.313
372.2000,-21.1423,299.215
372.1000,-20.9078,299.122
372.0000,-20.646,299.019
371.9000,-20.3899,298.907
371.8000,-20.2877,298.808
371.7000,-20.1344,298.716
371.6000,-19.9791,298.614
371.5000,-19.8103,298.523
371.4000,-19.6926,298.439
371.3000,-19.5308,298.341
371.2000,-19.4861,298.244
371.1000,-19.3561,298.162
371.0000,-19.1169,298.069
370.9000,-19.0283,297.979
370.8000,-18.8537,297.881
370.7000,-18.6771,297.771
370.6000,-18.508,297.673
370.5000,-18.3781,297.576
370.4000,-18.215,297.476
370.3000,-18.0828,297.387
370.2000,-17.9215,297.304
370.1000,-17.8301,297.222
370.0000,-17.6223,297.139
369.9000,-17.5245,297.049
369.8000,-17.4196,296.972
369.7000,-17.279,296.893
369.6000,-17.2126,296.821
369.5000,-16.9921,296.745
369.4000,-16.9542,296.651
369.3000,-16.7634,296.58
369.2000,-16.6158,296.516
369.1000,-16.5063,296.441
369.0000,-16.4224,296.381
368.9000,-16.4084,296.312
368.8000,-16.3958,296.257
368.7000,-16.3568,296.184
368.6000,-16.2431,296.114
368.5000,-16.1599,296.044
368.4000,-16.0406,295.959
368.3000,-15.8683,295.9
368.2000,-15.7861,295.821
368.1000,-15.5866,295.73
368.0000,-15.4804,295.663
367.9000,-15.2703,295.592
367.8000,-15.1154,295.516
367.7000,-15.0606,295.45
367.6000,-15,295.387
367.5000,-14.9263,295.33
367.4000,-14.8292,295.265
367.3000,-14.7059,295.203
367.2000,-14.6691,295.156
367.1000,-14.5453,295.091
367.0000,-14.4377,295.027
366.9000,-14.2555,294.96
366.8000,-14.1593,294.896
366.7000,-14.1098,294.829
366.6000,-13.972,294.771
366.5000,-13.929,294.728
366.4000,-13.8136,294.664
366.3000,-13.6953,294.612
366.2000,-13.6398,294.533
366.1000,-13.5837,294.456
366.0000,-13.485,294.389
365.9000,-13.3854,294.314
365.8000,-13.2884,294.244
365.7000,-13.1655,294.177
365.6000,-13.0764,294.122
365.5000,-12.9782,294.055
365.4000,-12.8221,294.001
365.3000,-12.7249,293.946
365.2000,-12.5906,293.878
365.1000,-12.506,293.817
365.0000,-12.3917,293.749
364.9000,-12.3902,293.692
364.8000,-12.2991,293.642
364.7000,-12.292,293.58
364.6000,-12.1713,293.532
364.5000,-12.0504,293.467
364.4000,-11.8243,293.392
364.3000,-11.6602,293.326
364.2000,-11.4831,293.253
364.1000,-11.3524,293.193
364.0000,-11.2635,293.123
363.9000,-11.1549,293.063
363.8000,-11.1375,293.026
363.7000,-11.0007,292.979
363.6000,-10.9558,292.936
363.5000,-10.8065,292.897
363.4000,-10.7332,292.834
363.3000,-10.6755,292.777
363.2000,-10.5591,292.713
363.1000,-10.486,292.649
363.0000,-10.4222,292.573
362.9000,-10.3395,292.529
362.8000,-10.2217,292.474
362.7000,-10.1898,292.412
362.6000,-10.1753,292.358
362.5000,-10.0812,292.322
362.4000,-10.0012,292.277
362.3000,-9.91087,292.211
362.2000,-9.74696,292.154
362.1000,-9.68009,292.091
362.0000,-9.55714,292.036
361.9000,-9.52365,291.992
361.8000,-9.44215,291.946
361.7000,-9.46545,291.915
361.6000,-9.32992,291.863
361.5000,-9.19244,291.805
361.4000,-9.0474,291.761
361.3000,-8.85124,291.708
361.2000,-8.84125,291.665
361.1000,-8.83782,291.624
361.0000,-8.86279,291.575
360.9000,-8.86761,291.526
360.8000,-8.74882,291.507
360.7000,-8.72841,291.464
360.6000,-8.64835,291.44
360.5000,-8.60719,291.392
360.4000,-8.49445,291.327
360.3000,-8.41887,291.271
360.2000,-8.43301,291.229
360.1000,-8.36077,291.177
360.0000,-8.23487,291.138
359.9000,-8.16676,291.096
359.8000,-8.09498,291.053
359.7000,-7.97104,291.02
359.6000,-7.91775,290.995
359.5000,-7.78601,290.954
359.4000,-7.68562,290.929
359.3000,-7.58748,290.903
359.2000,-7.49061,290.878
359.1000,-7.40394,290.821
359.0000,-7.31873,290.78
358.9000,-7.21675,290.753
358.8000,-7.13152,290.722
358.7000,-7.14937,290.698
358.6000,-7.01345,290.665
358.5000,-6.92857,290.647
358.4000,-6.79971,290.607
358.3000,-6.75031,290.575
358.2000,-6.68455,290.551
358.1000,-6.64226,290.515
358.0000,-6.64504,290.498
357.9000,-6.58149,290.475
357.8000,-6.51701,290.451
357.7000,-6.45714,290.431
357.6000,-6.36228,290.401
357.5000,-6.31384,290.376
357.4000,-6.22273,290.329
357.3000,-6.10663,290.304
357.2000,-6.05927,290.285
357.1000,-5.95675,290.278
357.0000,-5.82005,290.236
356.9000,-5.71381,290.213
356.8000,-5.62548,290.203
356.7000,-5.53757,290.176
356.6000,-5.43489,290.16
356.5000,-5.34568,290.156
356.4000,-5.28277,290.144
356.3000,-5.17668,290.137
356.2000,-5.13518,290.134
356.1000,-5.03629,290.113
356.0000,-4.91997,290.093
355.9000,-4.87551,290.085
355.8000,-4.82334,290.079
355.7000,-4.82328,290.081
355.6000,-4.81569,290.086
355.5000,-4.78732,290.064
355.4000,-4.61231,290.053
355.3000,-4.62793,290.04
355.2000,-4.55502,290.034
355.1000,-4.43992,290.035
355.0000,-4.32793,290.043
354.9000,-4.28206,290.042
354.8000,-4.21459,290.049
354.7000,-4.15481,290.042
354.6000,-4.13708,290.051
354.5000,-4.06804,290.047
354.4000,-3.94587,290.05
354.3000,-3.93538,290.069
354.2000,-3.90532,290.077
354.1000,-3.86471,290.095
354.0000,-3.76553,290.111
353.9000,-3.6573,290.114
353.8000,-3.53728,290.127
353.7000,-3.55139,290.16
353.6000,-3.50971,290.17
353.5000,-3.41611,290.17
353.4000,-3.28859,290.18
353.3000,-3.1927,290.189
353.2000,-3.14732,290.213
353.1000,-3.02916,290.221
353.0000,-3.04607,290.234
352.9000,-3.041,290.25
352.8000,-2.97705,290.276
352.7000,-2.87333,290.29
352.6000,-2.75871,290.31
352.5000,-2.67546,290.339
352.4000,-2.50228,290.357
352.3000,-2.39699,290.369
352.2000,-2.28112,290.402
352.1000,-2.23481,290.425
352.0000,-2.10685,290.458
351.9000,-2.00895,290.483
351.8000,-1.97406,290.515
351.7000,-1.90684,290.534
351.6000,-1.88028,290.565
351.5000,-1.82297,290.597
351.4000,-1.67083,290.649
351.3000,-1.55016,290.675
351.2000,-1.48512,290.705
351.1000,-1.38382,290.748
351.0000,-1.27465,290.778
350.9000,-1.17511,290.822
350.8000,-1.10175,290.858
350.7000,-0.966215,290.898
350.6000,-0.908957,290.946
350.5000,-0.80204,290.988
350.4000,-0.651375,291.028
350.3000,-0.573074,291.086
350.2000,-0.520027,291.14
350.1000,-0.497101,291.212
350.0000,-0.402824,291.264
349.9000,-0.310927,291.309
349.8000,-0.239307,291.372
349.7000,0.00990706,291.432
349.6000,0.159941,291.494
349.5000,0.219101,291.537
349.4000,0.315019,291.609
349.3000,0.3942,291.68
349.2000,0.541124,291.742
349.1000,0.608233,291.808
349.0000,0.678264,291.882
348.9000,0.771589,291.95
348.8000,0.946875,292.002
348.7000,1.04311,292.071
348.6000,1.13714,292.132
348.5000,1.36219,292.2
348.4000,1.48678,292.288
348.3000,1.60809,292.359
348.2000,1.79229,292.431
348.1000,1.80721,292.487
348.0000,2.01436,292.567
347.9000,2.12292,292.658
347.8000,2.29909,292.737
347.7000,2.40021,292.812
347.6000,2.63527,292.899
347.5000,2.82032,292.989
347.4000,2.96494,293.065
347.3000,3.09778,293.13
347.2000,3.2633,293.223
347.1000,3.39518,293.319
347.0000,3.53263,293.409
346.9000,3.64724,293.492
346.8000,3.76528,293.597
346.7000,3.95824,293.692
346.6000,4.14385,293.797
346.5000,4.27456,293.893
346.4000,4.42441,293.984
346.3000,4.5513,294.081
346.2000,4.73813,294.177
346.1000,4.89849,294.285
346.0000,5.03682,294.37
345.9000,5.16378,294.461
345.8000,5.35807,294.565
345.7000,5.54079,294.671
345.6000,5.77671,294.772
345.5000,5.84964,294.881
345.4000,5.95178,294.988
345.3000,6.07977,295.12
345.2000,6.25568,295.246
345.1000,6.37311,295.356
345.0000,6.58927,295.484
344.9000,6.76881,295.577
344.8000,6.97571,295.709
344.7000,7.12147,295.846
344.6000,7.27866,295.969
344.5000,7.39731,296.091
344.4000,7.64275,296.218
344.3000,7.77421,296.361
344.2000,8.00476,296.49
344.1000,8.12457,296.637
344.0000,8.26471,296.773
343.9000,8.40844,296.909
343.8000,8.6249,297.05
343.7000,8.85748,297.22
343.6000,8.99861,297.368
343.5000,9.27671,297.5
343.4000,9.4561,297.644
343.3000,9.64522,297.775
343.2000,9.83654,297.928
343.1000,9.99384,298.082
343.0000,10.2294,298.241
342.9000,10.4447,298.395
342.8000,10.7089,298.548
342.7000,10.927,298.713
342.6000,11.1474,298.874
342.5000,11.3444,299.036
342.4000,11.5563,299.199
342.3000,11.7968,299.353
342.2000,12.1224,299.529
342.1000,12.3824,299.698
342.0000,12.6752,299.872
341.9000,12.9136,300.03
341.8000,13.2064,300.248
341.7000,13.3744,300.424
341.6000,13.6909,300.595
341.5000,13.9147,300.762
341.4000,14.1891,300.929
341.3000,14.4496,301.112
341.2000,14.6894,301.283
341.1000,14.9108,301.475
341.0000,15.1186,301.638
340.9000,15.3129,301.807
340.8000,15.5139,301.983
340.7000,15.7917,302.158
340.6000,16.0763,302.332
340.5000,16.2596,302.517
340.4000,16.576,302.71
340.3000,16.8921,302.896
340.2000,17.0904,303.079
340.1000,17.2977,303.279
340.0000,17.4948,303.481
339.9000,17.7607,303.668
339.8000,17.9098,303.853
339.7000,18.1411,304.049
339.6000,18.3117,304.253
339.5000,18.509,304.46
339.4000,18.7552,304.651
339.3000,19.0293,304.855
339.2000,19.2629,305.054
339.1000,19.4647,305.205
339.0000,19.739,305.395
338.9000,19.924,305.593
338.8000,20.1743,305.779
338.7000,20.4751,305.98
338.6000,20.6885,306.173
338.5000,20.9244,306.387
338.4000,21.1597,306.575
338.3000,21.4124,306.773
338.2000,21.5818,306.979
338.1000,21.7734,307.136
338.0000,22.0581,307.355
337.9000,22.2832,307.548
337.8000,22.5629,307.753
337.7000,22.8375,307.954
337.6000,23.1653,308.173
337.5000,23.5589,308.386
337.4000,23.8756,308.582
337.3000,24.1165,308.792
337.2000,24.3165,309.009
337.1000,24.5802,309.218
337.0000,24.7262,309.416
336.9000,24.9557,309.627
336.8000,25.2834,309.846
336.7000,25.5135,310.047
336.6000,25.8322,310.253
336.5000,26.1188,310.468
336.4000,26.4523,310.669
336.3000,26.7602,310.874
336.2000,27.071,311.074
336.1000,27.3877,311.274
336.0000,27.5907,311.504
335.9000,27.8471,311.697
335.8000,28.106,311.901
335.7000,28.3769,312.115
335.6000,28.5287,312.322
335.5000,28.8175,312.536
335.4000,29.0482,312.748
335.3000,29.2099,312.958
335.2000,29.5941,313.161
335.1000,29.8145,313.362
335.0000,30.0886,313.564
334.9000,30.3374,313.764
334.8000,30.6536,313.98
334.7000,30.8004,314.187
334.6000,31.1297,314.395
334.5000,31.3102,314.602
334.4000,31.6308,314.805
334.3000,32.0011,315.016
334.2000,32.1372,315.223
334.1000,32.3097,315.443
334.0000,32.6236,315.66
333.9000,32.9227,315.875
333.8000,33.1498,316.089
333.7000,33.5336,316.309
333.6000,33.7716,316.517
333.5000,33.9681,316.724
333.4000,34.2794,316.932
333.3000,34.4548,317.206
333.2000,34.6942,317.426
333.1000,35.0188,317.639
333.0000,35.2252,317.844
332.9000,35.5555,318.052
332.8000,35.8148,318.276
332.7000,36.115,318.488
332.6000,36.3087,318.709
332.5000,36.5614,318.932
332.4000,36.7621,319.147
332.3000,36.9946,319.322
332.2000,37.3037,319.543
332.1000,37.5728,319.771
332.0000,37.9054,319.999
331.9000,38.2134,320.227
331.8000,38.4086,320.449
331.7000,38.6924,320.672
331.6000,38.9619,320.915
331.5000,39.2453,321.147
331.4000,39.529,321.367
331.3000,39.6557,321.588
331.2000,39.9375,321.827
331.1000,40.3498,322.065
331.0000,40.5271,322.294
330.9000,40.8305,322.526
330.8000,41.2018,322.754
330.7000,41.5432,322.992
330.6000,41.8929,323.22
330.5000,42.1921,323.447
330.4000,42.5857,323.679
330.3000,42.9326,323.924
330.2000,43.3135,324.167
330.1000,43.6876,324.404
330.0000,44.0458,324.637
329.9000,44.4911,324.867
329.8000,44.7621,325.095
329.7000,45.1284,325.346
329.6000,45.6605,325.638
329.5000,46.0135,325.888
329.4000,46.4383,326.127
329.3000,46.806,326.304
329.2000,47.2667,326.546
329.1000,47.7021,326.787
329.0000,48.0658,327.029
328.9000,48.4581,327.278
328.8000,48.9005,327.514
328.7000,49.3016,327.753
328.6000,49.7026,327.988
328.5000,50.1877,328.242
328.4000,50.4988,328.491
328.3000,50.9143,328.724
328.2000,51.3746,328.958
328.1000,51.8001,329.186
328.0000,52.3303,329.437
327.9000,52.7706,329.66
327.8000,53.2805,329.942
327.7000,53.7474,330.172
327.6000,54.2575,330.405
327.5000,54.694,330.645
327.4000,55.055,330.87
327.3000,55.4349,331.103
327.2000,55.7258,331.273
327.1000,56.1346,331.503
327.0000,56.5598,331.723
326.9000,56.9514,331.947
326.8000,57.3158,332.159
326.7000,57.7984,332.382
326.6000,58.0532,332.604
326.5000,58.493,332.823
326.4000,58.8616,333.045
326.3000,59.1674,333.251
326.2000,59.5147,333.459
326.1000,59.8643,333.646
326.0000,60.2205,333.848
325.9000,60.4996,334.027
325.8000,61.043,334.273
325.7000,61.3854,334.458
325.6000,61.7344,334.634
325.5000,62.0403,334.809
325.4000,62.4057,334.972
325.3000,62.8687,335.129
325.2000,63.207,335.279
325.1000,63.6687,335.432
325.0000,63.974,335.583
324.9000,64.2907,335.728
324.8000,64.6619,335.867
324.7000,64.9553,335.987
324.6000,65.3244,336.111
324.5000,65.5212,336.249
324.4000,65.7843,336.394
324.3000,65.889,336.521
324.2000,66.0987,336.634
324.1000,66.3977,336.748
324.0000,66.579,336.848
323.9000,66.811,336.958
323.8000,67.1225,337.055
323.7000,67.3359,337.157
323.6000,67.5031,337.24
323.5000,67.6755,337.354
323.4000,67.792,337.439
323.3000,68.019,337.52
323.2000,68.232,337.596
323.1000,68.4635,337.675
323.0000,68.7453,337.745
322.9000,68.9379,337.822
322.8000,69.1567,337.878
322.7000,69.0926,337.947
322.6000,69.1667,338.016
322.5000,69.3174,338.055
322.4000,69.4949,338.108
322.3000,69.6943,338.174
322.2000,69.7594,338.225
322.1000,69.7529,338.274
322.0000,69.6828,338.326
321.9000,69.8425,338.373
321.8000,69.6943,338.421
321.7000,69.8085,338.448
321.6000,69.8125,338.487
321.5000,69.7401,338.517
321.4000,69.7636,338.563
321.3000,69.6327,338.591
321.2000,69.6657,338.61
321.1000,69.7046,338.619
321.0000,69.7888,338.64
320.9000,69.8773,338.661
320.8000,69.8493,338.665
320.7000,69.842,338.669
320.6000,69.8602,338.672
320.5000,69.6813,338.667
320.4000,69.8069,338.671
320.3000,69.8246,338.677
320.2000,69.715,338.678
320.1000,69.6567,338.674
320.0000,69.5611,338.656
319.9000,69.5093,338.649
319.8000,69.4254,338.622
319.7000,69.1999,338.602
319.6000,69.0677,338.585
319.5000,68.8896,338.575
319.4000,68.8056,338.567
319.3000,68.8634,338.539
319.2000,68.6602,338.523
319.1000,68.4996,338.507
319.0000,68.5009,338.487
318.9000,68.249,338.463
318.8000,68.1572,338.439
318.7000,68.1506,338.419
318.6000,68.0117,338.381
318.5000,67.8464,338.349
318.4000,67.8769,338.335
318.3000,67.672,338.326
318.2000,67.6578,338.322
318.1000,67.5982,338.297
318.0000,67.554,338.288
317.9000,67.4617,338.285
317.8000,67.429,338.271
317.7000,67.2631,338.259
317.6000,67.1914,338.242
317.5000,66.9691,338.241
317.4000,66.9041,338.236
317.3000,66.9249,338.25
317.2000,66.7856,338.247
317.1000,66.7402,338.268
317.0000,66.7051,338.267
316.9000,66.5243,338.293
316.8000,66.6643,338.308
316.7000,66.6743,338.344
316.6000,66.7949,338.379
316.5000,66.6602,338.414
316.4000,66.6073,338.453
316.3000,66.5969,338.496
316.2000,66.7591,338.537
316.1000,66.766,338.584
316.0000,66.7804,338.633
315.9000,66.7992,338.687
315.8000,66.8253,338.737
315.7000,66.7063,338.806
315.6000,66.7553,338.866
315.5000,66.8429,338.949
315.4000,66.7947,339.033
315.3000,66.729,339.133
315.2000,66.9386,339.238
315.1000,66.8945,339.361
315.0000,66.9402,339.457
314.9000,67.0133,339.563
314.8000,66.9266,339.691
314.7000,67.0352,339.795
314.6000,67.1394,339.924
314.5000,67.2224,340.07
314.4000,67.3792,340.216
314.3000,67.3741,340.361
314.2000,67.534,340.507
314.1000,67.5777,340.677
314.0000,67.6773,340.842
313.9000,67.8596,341.027
313.8000,67.9234,341.217
313.7000,67.9901,341.412
313.6000,68.2136,341.617
313.5000,68.2997,341.804
313.4000,68.4628,342.013
313.3000,68.5073,342.237
313.2000,68.7876,342.472
313.1000,69.0087,342.703
313.0000,69.2041,342.927
312.9000,69.4051,343.176
312.8000,69.7057,343.433
312.7000,69.935,343.7
312.6000,70.2011,343.993
312.5000,70.5098,344.268
312.4000,70.8145,344.568
312.3000,71.0686,344.791
312.2000,71.3201,345.105
312.1000,71.8316,345.494
312.0000,72.2519,345.807
311.9000,72.4418,346.133
311.8000,72.7253,346.465
311.7000,73.0584,346.811
311.6000,73.2384,347.064
311.5000,73.7493,347.404
311.4000,74.1448,347.765
311.3000,74.5316,348.13
311.2000,74.8894,348.505
311.1000,75.2809,348.877
311.0000,75.719,349.262
310.9000,76.232,349.671
310.8000,76.7629,350.059
310.7000,77.3134,350.461
310.6000,77.6907,350.86
310.5000,78.0176,351.269
310.4000,78.4371,351.669
310.3000,78.8269,352.075
310.2000,79.3688,352.483
310.1000,79.9194,352.903
310.0000,80.378,353.326
309.9000,80.8992,353.744
309.8000,81.3972,354.18
309.7000,81.9892,354.737
309.6000,82.4098,355.179
309.5000,82.9614,355.621
309.4000,83.5588,356.058
309.3000,84.0031,356.486
309.2000,84.5584,356.924
309.1000,85.1767,357.366
309.0000,85.6663,357.814
308.9000,86.1339,358.259
308.8000,86.6186,358.712
308.7000,87.1023,359.154
308.6000,87.6165,359.592
308.5000,88.2358,360.038
308.4000,88.7455,360.485
308.3000,89.2905,360.919
308.2000,89.8047,361.371
308.1000,90.2475,361.707
308.0000,90.683,362.144
307.9000,91.1934,362.588
307.8000,91.651,363.033
307.7000,92.2054,363.476
307.6000,92.7904,363.896
307.5000,93.3502,364.341
307.4000,93.7703,364.78
307.3000,94.3202,365.217
307.2000,94.7827,365.634
307.1000,95.422,366.054
307.0000,95.8212,366.469
306.9000,96.423,366.887
306.8000,96.9265,367.309
306.7000,97.4227,367.713
306.6000,98.0242,368.234
306.5000,98.4502,368.633
306.4000,98.9203,369.02
306.3000,99.4006,369.403
306.2000,99.805,369.79
306.1000,100.233,370.264
306.0000,100.447,370.64
305.9000,100.885,370.994
305.8000,101.292,371.346
305.7000,101.707,371.692
305.6000,102.139,372.028
305.5000,102.515,372.344
305.4000,102.854,372.675
305.3000,103.207,372.984
305.2000,103.401,373.296
305.1000,103.846,373.595
305.0000,104.271,373.895
304.9000,104.543,374.184
304.8000,105.107,374.469
304.7000,105.37,374.75
304.6000,105.686,375.001
304.5000,105.894,375.259
304.4000,106.065,375.495
304.3000,106.188,375.741
304.2000,106.285,375.966
304.1000,106.421,376.179
304.0000,106.537,376.383
303.9000,106.836,376.588
303.8000,106.977,376.782
303.7000,107.247,376.921
303.6000,107.256,377.107
303.5000,107.37,377.267
303.4000,107.375,377.389
303.3000,107.466,377.532
303.2000,107.417,377.665
303.1000,107.493,377.762
303.0000,107.538,377.902
302.9000,107.369,378.002
302.8000,107.278,378.112
302.7000,107.266,378.218
302.6000,107.23,378.288
302.5000,107.201,378.37
302.4000,107.185,378.471
302.3000,106.899,378.564
302.2000,106.697,378.647
302.1000,106.713,378.735
302.0000,106.556,378.801
301.9000,106.333,378.882
301.8000,106.444,378.927
301.7000,106.223,378.99
301.6000,105.975,379.038
301.5000,105.836,379.073
301.4000,105.727,379.118
301.3000,105.438,379.14
301.2000,105.157,379.172
301.1000,105.15,379.213
301.0000,104.863,379.231
300.9000,104.416,379.243
300.8000,104.22,379.26
300.7000,103.94,379.261
300.6000,103.779,379.273
300.5000,103.568,379.277
300.4000,103.257,379.28
300.3000,102.905,379.291
300.2000,102.46,379.3
300.1000,102.222,379.302
300.0000,102.029,379.306
299.9000,101.809,379.296
299.8000,101.593,379.305
299.7000,101.375,379.307
299.6000,101.099,379.316
299.5000,100.814,379.316
299.4000,100.538,379.319
299.3000,100.5,379.324
299.2000,100.259,379.339
299.1000,99.8497,379.347
299.0000,99.6988,379.352
298.9000,99.3515,379.34
298.8000,98.9525,379.337
298.7000,98.7043,379.348
298.6000,98.5481,379.36
298.5000,98.3116,379.381
298.4000,97.7367,379.395
298.3000,97.4805,379.405
298.2000,97.1044,379.408
298.1000,96.729,379.428
298.0000,96.1575,379.449
297.9000,95.9079,379.476
297.8000,95.436,379.493
297.7000,95.0512,379.526
297.6000,95.0493,379.578
297.5000,94.7204,379.619
297.4000,94.4249,379.672
297.3000,94.0998,379.712
297.2000,93.7992,379.762
297.1000,93.4375,379.824
297.0000,93.0851,379.885
296.9000,92.9226,379.943
296.8000,92.492,380.013
296.7000,92.0388,380.079
296.6000,91.424,380.171
296.5000,91.0488,380.243
296.4000,90.4285,380.309
296.3000,90.3632,380.39
296.2000,89.893,380.475
296.1000,89.4416,380.577
296.0000,89.0247,380.695
295.9000,88.6246,380.801
295.8000,88.3283,380.917
295.7000,87.9467,381.015
295.6000,87.6625,381.155
295.5000,87.3895,381.317
295.4000,86.7724,381.467
295.3000,86.2467,381.633
295.2000,85.7791,381.793
295.1000,85.3765,381.967
295.0000,84.8883,382.149
294.9000,84.3605,382.334
294.8000,83.8898,382.544
294.7000,83.5223,382.747
294.6000,83.1085,382.94
294.5000,82.9359,383.099
294.4000,82.415,383.315
294.3000,81.6973,383.531
294.2000,81.2977,383.761
294.1000,81.0386,383.976
294.0000,80.7513,384.213
293.9000,80.1336,384.451
293.8000,79.8266,384.703
293.7000,79.5672,384.957
293.6000,79.1775,385.199
293.5000,78.8739,385.456
293.4000,78.4916,385.714
293.3000,78.2734,385.979
293.2000,77.988,386.235
293.1000,77.6774,386.48
293.0000,77.5228,386.723
292.9000,77.2862,386.966
292.8000,77.1436,387.213
292.7000,76.7001,387.451
292.6000,76.5579,387.677
292.5000,76.3137,387.906
292.4000,75.8084,388.14
292.3000,75.7724,388.359
292.2000,75.6026,388.579
292.1000,75.5173,388.785
292.0000,75.419,389.003
291.9000,75.3602,389.218
291.8000,75.5872,389.421
291.7000,75.6261,389.607
291.6000,75.5648,389.805
291.5000,75.673,389.984
291.4000,75.6276,390.141
291.3000,75.7659,390.299
291.2000,75.6202,390.455
291.1000,75.6939,390.594
291.0000,75.8598,390.718
290.9000,75.8824,390.839
290.8000,75.7422,390.938
290.7000,75.4405,391.034
290.6000,75.3419,391.116
290.5000,75.1765,391.193
290.4000,75.1711,391.271
290.3000,75.1392,391.347
290.2000,75.0608,391.404
290.1000,75.0708,391.464
290.0000,75.1673,391.512
289.9000,75.0156,391.576
289.8000,74.9279,391.667
289.7000,74.7552,391.747
289.6000,74.5713,391.832
289.5000,74.4906,391.904
289.4000,74.6627,391.979
289.3000,74.5288,392.071
289.2000,74.3536,392.153
289.1000,74.6872,392.235
289.0000,74.3546,392.331
288.9000,74.2421,392.417
288.8000,74.406,392.513
288.7000,74.3426,392.594
288.6000,74.1849,392.691
288.5000,73.6739,392.797
288.4000,73.2797,392.912
288.3000,73.0565,393.05
288.2000,72.6926,393.174
288.1000,72.64,393.31
288.0000,72.5799,393.467
287.9000,72.5041,393.642
287.8000,72.1674,393.811
287.7000,72.01,394.007
287.6000,71.8546,394.199
287.5000,71.6215,394.423
287.4000,71.5072,394.652
287.3000,71.1465,394.887
287.2000,71.0758,395.123
287.1000,70.8761,395.358
287.0000,70.7293,395.597
286.9000,70.418,395.85
286.8000,70.2778,396.104
286.7000,69.947,396.369
286.6000,69.8017,396.617
286.5000,69.6219,396.875
286.4000,69.3424,397.13
286.3000,69.3383,397.383
286.2000,69.309,397.639
286.1000,69.1051,397.907
286.0000,68.8464,398.157
285.9000,68.7326,398.411
285.8000,68.2977,398.644
285.7000,68.186,398.882
285.6000,68.0962,399.047
285.5000,68.0107,399.26
285.4000,67.7128,399.489
285.3000,67.7687,399.698
285.2000,67.8328,399.908
285.1000,67.9142,400.105
285.0000,67.8185,400.279
284.9000,67.7923,400.449
284.8000,67.4669,400.619
284.7000,67.1594,400.759
284.6000,66.8123,400.889
284.5000,66.8836,401.01
284.4000,66.8691,401.114
284.3000,66.8272,401.205
284.2000,66.6407,401.28
284.1000,66.7741,401.322
284.0000,67.0117,401.359
283.9000,67.0498,401.393
283.8000,66.941,401.421
283.7000,66.9063,401.436
283.6000,66.7857,401.456
283.5000,66.5585,401.446
283.4000,66.3578,401.426
283.3000,66.0708,401.391
283.2000,66.1867,401.347
283.1000,66.2211,401.286
283.0000,66.0385,401.206
282.9000,65.8836,401.119
282.8000,65.8852,401.031
282.7000,65.7372,400.935
282.6000,65.6579,400.851
282.5000,65.5993,400.741
282.4000,65.5014,400.633
282.3000,65.2361,400.5
282.2000,65.0549,400.366
282.1000,64.8862,400.22
282.0000,64.54,400.077
281.9000,64.4686,399.923
281.8000,63.9244,399.742
281.7000,63.6565,399.561
281.6000,63.5052,399.382
281.5000,63.2664,399.197
281.4000,62.9343,399.007
281.3000,62.8005,398.811
281.2000,62.3857,398.624
281.1000,62.046,398.439
281.0000,61.4414,398.224
280.9000,61.217,398.004
280.8000,60.5256,397.797
280.7000,59.8005,397.585
280.6000,59.6552,397.365
280.5000,59.1191,397.147
280.4000,58.7318,396.918
280.3000,58.3349,396.675
280.2000,57.8637,396.371
280.1000,57.3798,396.129
280.0000,57.0418,395.895
279.9000,56.5794,395.649
279.8000,56.1122,395.408
279.7000,55.4485,395.159
279.6000,54.9244,394.907
279.5000,54.3587,394.646
279.4000,53.8585,394.373
279.3000,53.3098,394.127
279.2000,52.9202,393.852
279.1000,52.3669,393.566
279.0000,51.9354,393.299
278.9000,51.6671,393.088
278.8000,50.8626,392.802
278.7000,50.1554,392.528
278.6000,49.4529,392.233
278.5000,49.0859,391.951
278.4000,48.8333,391.671
278.3000,48.3331,391.394
278.2000,47.7445,391.113
278.1000,47.2792,390.832
278.0000,47.001,390.543
277.9000,46.493,390.246
277.8000,45.8083,389.94
277.7000,45.3876,389.715
277.6000,44.983,389.419
277.5000,44.5693,389.142
277.4000,44.3551,388.841
277.3000,43.8936,388.542
277.2000,43.1254,388.248
277.1000,42.5925,387.949
277.0000,42.2951,387.642
276.9000,41.7921,387.376
276.8000,41.3781,387.096
276.7000,40.9687,386.814
276.6000,40.3744,386.526
276.5000,39.7612,386.255
276.4000,39.3295,385.965
276.3000,38.9706,385.676
276.2000,38.4628,385.405
276.1000,37.8037,385.134
276.0000,37.5122,384.846
275.9000,37.0524,384.566
275.8000,36.5341,384.303
275.7000,36.0224,384.032
275.6000,35.6096,383.747
275.5000,35.1833,383.476
275.4000,34.8723,383.205
275.3000,34.338,382.919
275.2000,33.8943,382.659
275.1000,33.32,382.405
275.0000,32.6942,382.131
274.9000,32.2307,381.856
274.8000,31.7054,381.598
274.7000,31.4134,381.338
274.6000,30.9221,381.089
274.5000,30.4417,380.793
274.4000,29.9659,380.557
274.3000,29.4171,380.327
274.2000,28.7473,380.082
274.1000,28.145,379.858
274.0000,27.6227,379.636
273.9000,27.0801,379.41
273.8000,26.7775,379.199
273.7000,26.1397,378.979
273.6000,25.8716,378.755
273.5000,25.6036,378.556
273.4000,24.9539,378.345
273.3000,24.4116,378.126
273.2000,24.0696,377.926
273.1000,23.5605,377.727
273.0000,22.9656,377.531
272.9000,22.4193,377.334
272.8000,21.8918,377.149
272.7000,21.2395,376.977
272.6000,20.5078,376.801
272.5000,20.1154,376.638
272.4000,19.5338,376.48
272.3000,18.7842,376.339
272.2000,18.1865,376.207
272.1000,17.5897,376.086
272.0000,17.0472,375.962
271.9000,16.4947,375.853
271.8000,16.0342,375.737
271.7000,15.462,375.64
271.6000,14.8809,375.558
271.5000,14.4585,375.482
271.4000,13.8679,375.418
271.3000,13.2594,375.365
271.2000,12.6852,375.293
271.1000,12.254,375.245
271.0000,11.4698,375.191
270.9000,11.0187,375.148
270.8000,10.6257,375.137
270.7000,10.1697,375.119
270.6000,9.69214,375.105
270.5000,9.10259,375.111
270.4000,8.46774,375.12
270.3000,7.8565,375.15
270.2000,6.97212,375.156
270.1000,6.34638,375.167
270.0000,5.75466,375.208
269.9000,5.16066,375.262
269.8000,4.48392,375.328
269.7000,4.04964,375.399
269.6000,3.24985,375.503
269.5000,2.57351,375.586
269.4000,2.0022,375.679
269.3000,1.47201,375.787
269.2000,0.917513,375.889
269.1000,0.26154,375.994
269.0000,-0.239684,376.103
268.9000,-0.989296,376.226
268.8000,-1.51716,376.353
268.7000,-2.09543,376.496
268.6000,-2.87518,376.639
268.5000,-3.60751,376.793
268.4000,-4.28798,376.956
268.3000,-4.93421,377.133
268.2000,-5.65084,377.297
268.1000,-6.40953,377.473
268.0000,-7.17332,377.657
267.9000,-7.92788,377.857
267.8000,-8.76898,378.057
267.7000,-9.18061,378.224
267.6000,-9.95404,378.439
267.5000,-10.7765,378.65
267.4000,-11.7316,378.88
267.3000,-12.41,379.122
267.2000,-13.2573,379.381
267.1000,-13.9474,379.635
267.0000,-14.8482,379.91
266.9000,-15.8288,380.183
266.8000,-16.4891,380.481
266.7000,-17.5728,380.859
266.6000,-18.5079,381.144
266.5000,-19.3282,381.432
266.4000,-20.266,381.741
266.3000,-21.3651,382.053
266.2000,-22.3582,382.387
266.1000,-23.2282,382.715
266.0000,-24.5614,383.135
265.9000,-25.4474,383.477
265.8000,-26.4292,383.828
265.7000,-27.2918,384.183
265.6000,-28.0942,384.521
265.5000,-28.984,384.767
265.4000,-29.9759,385.118
265.3000,-31.0275,385.467
265.2000,-31.8763,385.807
265.1000,-32.7976,386.164
265.0000,-33.8154,386.504
264.9000,-34.7956,386.864
264.8000,-35.7728,387.206
264.7000,-36.652,387.55
264.6000,-37.7328,387.901
264.5000,-38.6693,388.237
264.4000,-39.6485,388.57
264.3000,-41.0013,388.985
264.2000,-41.8517,389.316
264.1000,-42.8695,389.633
264.0000,-43.7893,389.949
263.9000,-44.6689,390.231
263.8000,-45.6775,390.522
263.7000,-46.3111,390.736
263.6000,-47.1098,391.024
263.5000,-48.0746,391.298
263.4000,-48.9302,391.56
263.3000,-49.8795,391.831
263.2000,-50.6074,392.106
263.1000,-51.2364,392.341
263.0000,-51.7473,392.52
262.9000,-52.4763,392.751
262.8000,-53.1724,392.965
262.7000,-53.9391,393.162
262.6000,-54.5024,393.354
262.5000,-55.3505,393.536
262.4000,-56.0783,393.695
262.3000,-56.6853,393.86
262.2000,-57.4032,394.033
262.1000,-57.9925,394.179
262.0000,-58.7242,394.334
261.9000,-59.1937,394.45
261.8000,-59.586,394.551
261.7000,-60.0317,394.638
261.6000,-60.3475,394.714
261.5000,-60.7951,394.785
261.4000,-61.1936,394.834
261.3000,-61.5915,394.868
261.2000,-62.0388,394.901
261.1000,-62.4173,394.912
261.0000,-62.6213,394.923
260.9000,-62.7466,394.918
260.8000,-62.9445,394.888
260.7000,-63.1141,394.823
260.6000,-63.4883,394.757
260.5000,-63.4997,394.697
260.4000,-63.6994,394.612
260.3000,-63.8146,394.532
260.2000,-63.8196,394.406
260.1000,-63.875,394.269
260.0000,-63.8028,394.125
259.9000,-63.6143,393.944
259.8000,-63.7033,393.75
259.7000,-63.6611,393.578
259.6000,-63.6125,393.372
259.5000,-63.4603,393.15
259.4000,-63.1632,392.862
259.3000,-63.0588,392.592
259.2000,-62.7892,392.311
259.1000,-62.5371,392.036
259.0000,-62.4196,391.745
258.9000,-62.0451,391.429
258.8000,-61.8477,391.102
258.7000,-61.5419,390.774
258.6000,-61.2306,390.429
258.5000,-61.0551,390.08
258.4000,-60.9174,389.714
258.3000,-60.6185,389.335
258.2000,-60.3763,388.938
258.1000,-60.2118,388.542
258.0000,-59.7438,388.014
257.9000,-59.1818,387.578
257.8000,-58.8099,387.144
257.7000,-58.489,386.713
257.6000,-58.1062,386.257
257.5000,-57.7,385.807
257.4000,-57.4341,385.376
257.3000,-57.0283,384.928
257.2000,-56.6816,384.467
257.1000,-56.2101,384.002
257.0000,-55.7714,383.529
256.9000,-55.0934,382.943
256.8000,-54.6744,382.594
256.7000,-54.4883,382.128
256.6000,-54.1572,381.664
256.5000,-53.7775,381.198
256.4000,-53.5229,380.716
256.3000,-52.8827,380.247
256.2000,-52.6231,379.772
256.1000,-52.341,379.315
256.0000,-51.8231,378.861
255.9000,-51.5806,378.414
255.8000,-51.2285,377.97
255.7000,-50.994,377.529
255.6000,-50.5244,377.088
255.5000,-50.0995,376.548
255.4000,-49.3698,376.004
255.3000,-49.1342,375.467
255.2000,-48.7727,375.051
255.1000,-48.2029,374.552
255.0000,-47.7424,374.152
254.9000,-47.2646,373.746
254.8000,-46.729,373.271
254.7000,-46.3434,372.904
254.6000,-46.018,372.526
254.5000,-45.549,372.158
254.4000,-45.0739,371.802
254.3000,-44.7285,371.444
254.2000,-44.4021,371.087
254.1000,-44.0644,370.743
254.0000,-43.8965,370.413
253.9000,-43.5953,370.081
253.8000,-43.4807,369.84
253.7000,-43.3213,369.537
253.6000,-43.2167,369.228
253.5000,-42.9884,368.911
253.4000,-42.7062,368.615
253.3000,-42.5141,368.32
253.2000,-42.2112,368.03
253.1000,-41.94,367.738
253.0000,-41.7301,367.406
252.9000,-41.5593,367.131
252.8000,-41.4575,366.878
252.7000,-41.1419,366.621
252.6000,-40.8513,366.378
252.5000,-40.5819,366.124
252.4000,-40.5967,365.879
252.3000,-40.42,365.655
252.2000,-40.3365,365.436
252.1000,-40.3389,365.234
252.0000,-40.2109,365.024
251.9000,-40.2086,364.819
251.8000,-40.2944,364.623
251.7000,-40.2344,364.42
251.6000,-40.2095,364.288
251.5000,-40.4188,364.105
251.4000,-40.3996,363.913
251.3000,-40.5304,363.758
251.2000,-40.5608,363.572
251.1000,-40.6952,363.415
251.0000,-40.8564,363.263
250.9000,-40.8873,363.147
250.8000,-40.9694,362.977
250.7000,-40.8461,362.838
250.6000,-40.9278,362.722
250.5000,-41.0297,362.612
250.4000,-40.9252,362.489
250.3000,-40.9144,362.385
250.2000,-40.9759,362.306
250.1000,-41.0718,362.22
250.0000,-41.1338,362.137
249.9000,-41.1094,362.074
249.8000,-41.072,362.002
249.7000,-41.0021,361.94
249.6000,-41.1513,361.876
249.5000,-41.2986,361.813
249.4000,-41.4307,361.767
249.3000,-41.5482,361.716
249.2000,-41.498,361.686
249.1000,-41.5252,361.669
249.0000,-41.5872,361.648
248.9000,-41.5029,361.647
248.8000,-41.5421,361.656
248.7000,-41.5954,361.668
248.6000,-41.5665,361.688
248.5000,-41.542,361.715
248.4000,-41.5385,361.756
248.3000,-41.4243,361.812
248.2000,-41.4357,361.879
248.1000,-41.4139,361.934
248.0000,-41.5167,362.004
247.9000,-41.5594,362.073
247.8000,-41.6382,362.178
247.7000,-41.7792,362.268
247.6000,-41.8367,362.36
247.5000,-41.9871,362.469
247.4000,-42.0762,362.563
247.3000,-42.0613,362.648
247.2000,-42.1612,362.775
247.1000,-42.3941,362.907
247.0000,-42.3859,363.007
246.9000,-42.5449,363.15
246.8000,-42.6877,363.298
246.7000,-43.0137,363.495
246.6000,-43.2439,363.667
246.5000,-43.3483,363.857
246.4000,-43.4863,364.075
246.3000,-43.6557,364.285
246.2000,-43.7994,364.514
246.1000,-43.9596,364.751
246.0000,-44.2152,365.016
245.9000,-44.5219,365.276
245.8000,-44.7805,365.566
245.7000,-45.1,365.789
245.6000,-45.6041,366.076
245.5000,-45.8203,366.308
245.4000,-46.1038,366.625
245.3000,-46.3076,366.956
245.2000,-46.5036,367.302
245.1000,-46.8431,367.567
245.0000,-47.1912,367.939
244.9000,-47.5526,368.3
244.8000,-48.0875,368.691
244.7000,-48.5008,369.117
244.6000,-49.1627,369.661
244.5000,-49.4615,370.113
244.4000,-49.8074,370.577
244.3000,-50.086,371.066
244.2000,-50.5505,371.58
244.1000,-50.7618,371.977
244.0000,-51.2666,372.53
243.9000,-51.7358,373.087
243.8000,-52.2015,373.664
243.7000,-52.7913,374.259
243.6000,-53.5194,374.881
243.5000,-53.9639,375.543
243.4000,-54.6143,376.224
243.3000,-55.0738,376.931
243.2000,-55.6817,377.659
243.1000,-56.2976,378.393
243.0000,-57.0374,379.152
242.9000,-57.9014,380.146
242.8000,-58.6061,380.973
242.7000,-59.1992,381.827
242.6000,-59.9086,382.706
242.5000,-60.7224,383.616
242.4000,-61.3227,384.553
242.3000,-62.25,385.779
242.2000,-63.137,386.783
242.1000,-63.7647,387.82
242.0000,-64.5472,388.9
241.9000,-65.7599,390.289
241.8000,-66.5782,391.44
241.7000,-67.3358,392.643
241.6000,-68.4079,393.876
241.5000,-69.1918,395.132
241.4000,-70.1155,396.439
241.3000,-70.9704,397.782
241.2000,-72.2389,399.152
241.1000,-73.4336,400.591
241.0000,-74.1352,402.058
240.9000,-75.8821,403.955
240.8000,-76.7374,405.512
240.7000,-77.9299,407.113
240.6000,-79.2652,408.778
240.5000,-80.6239,410.49
240.4000,-81.9848,412.229
240.3000,-83.2434,414.022
240.2000,-84.421,415.868
240.1000,-85.7016,417.777
240.0000,-86.845,419.712
239.9000,-88.1516,422.222
239.8000,-90.1588,424.839
239.7000,-91.6551,426.998
239.6000,-93.037,429.22
239.5000,-94.7643,431.503
239.4000,-95.8892,433.844
239.3000,-97.0346,436.244
239.2000,-98.3651,438.728
239.1000,-100.24,441.271
239.0000,-101.534,443.215
238.9000,-103.44,445.89
238.8000,-105.414,448.626
238.7000,-107.462,451.441
238.6000,-108.673,454.317
238.5000,-110.092,457.291
238.4000,-111.211,459.578
238.3000,-112.92,462.693
238.2000,-114.79,465.876
238.1000,-116.734,469.134
238.0000,-119.189,473.356
237.9000,-121.163,476.858
237.8000,-122.827,480.421
237.7000,-124.75,484.094
237.6000,-126.155,487.868
237.5000,-128.523,491.742
237.4000,-130.382,495.726
237.3000,-131.225,498.767
237.2000,-133.15,502.926
237.1000,-135.684,507.222
237.0000,-137.706,511.59
236.9000,-139.948,516.07
236.8000,-142.639,520.691
236.7000,-145.145,525.431
236.6000,-146.991,530.322
236.5000,-149.613,535.298
236.4000,-151.193,540.41
236.3000,-153.139,545.669
236.2000,-155.692,551.021
236.1000,-157.361,556.552
236.0000,-159.599,562.222
235.9000,-160.881,568.027
235.8000,-162.044,572.456
235.7000,-163.844,578.495
235.6000,-164.551,584.696
235.5000,-165.543,591.07
235.4000,-166.242,597.581
235.3000,-166.907,602.592
235.2000,-169.235,609.393
235.1000,-170.702,616.414
235.0000,-171.804,623.593
234.9000,-170.233,630.908
234.8000,-170.556,638.44
234.7000,-170.815,646.104
234.6000,-170.615,653.981
234.5000,-168.433,662.034
234.4000,-167.379,670.229
234.3000,-168.133,678.647
234.2000,-167.332,687.275
234.1000,-167.283,696.055
234.0000,-166.287,707.359
233.9000,-165.862,716.661
233.8000,-161.764,728.499
233.7000,-159.221,738.244
233.6000,-158.189,748.191
233.5000,-153.765,760.831
233.4000,-150.22,771.19
233.3000,-149.898,781.732
233.2000,-149.021,789.73
233.1000,-145.574,800.581
233.0000,-144.459,808.787
232.9000,-140.936,817.152
232.8000,-137.243,825.555
232.7000,-133.866,834.075
232.6000,-128.528,845.495
232.5000,-127.402,854.045
232.4000,-123.129,862.408
232.3000,-122.558,870.673
232.2000,-118.149,881.43
232.1000,-114.739,889.364
232.0000,-110.711,899.628
231.9000,-108.217,909.652
231.8000,-103.831,919.38
231.7000,-99.2752,928.805
231.6000,-93.0648,937.91
231.5000,-90.8147,946.688
231.4000,-87.4587,953.074
231.3000,-82.2009,961.331
231.2000,-79.19,969.239
231.1000,-75.628,976.858
231.0000,-74.4525,984.109
230.9000,-73.0255,991.054
230.8000,-68.2671,997.644
230.7000,-67.359,1003.84
230.6000,-63.0574,1009.69
230.5000,-60.7053,1015.16
230.4000,-56.1463,1020.2
230.3000,-51.8236,1026.01
230.2000,-49.9724,1030.21
230.1000,-46.0514,1034.02
230.0000,-43.6372,1037.45
229.9000,-43.8809,1040.48
229.8000,-40.4185,1043.09
229.7000,-36.1479,1045.3
229.6000,-33.6215,1047.12
229.5000,-31.2138,1048.57
229.4000,-29.6428,1049.61
229.3000,-29.3744,1050.26
229.2000,-30.8182,1050.54
229.1000,-27.7857,1050.56
229.0000,-28.358,1050.59
228.9000,-24.0592,1050.61
228.8000,-24.503,1050.62
228.7000,-22.9341,1050.63
228.6000,-23.2435,1050.65
228.5000,-22.2172,1050.66
228.4000,-21.8789,1050.69
228.3000,-21.1973,1050.7
228.2000,-18.8561,1050.72
228.1000,-18.2505,1050.74
228.0000,-19.4016,1050.75
227.9000,-18.1734,1050.76
227.8000,-19.1642,1050.78
227.7000,-18.6998,1050.79
227.6000,-17.7092,1050.79
227.5000,-17.2495,1050.81
227.4000,-14.8864,1050.81
227.3000,-15.8333,1050.83
227.2000,-16.0115,1050.83
227.1000,-15.9571,1050.84
227.0000,-17.2344,1050.83
226.9000,-16.6225,1050.83
226.8000,-18.9761,1050.84
226.7000,-17.6199,1050.84
226.6000,-17.4604,1050.86
226.5000,-15.4446,1050.87
226.4000,-15.0653,1050.89
226.3000,-15.3754,1050.9
226.2000,-16.8486,1050.91
226.1000,-16.2122,1050.9
226.0000,-15.5064,1050.91
225.9000,-15.6675,1050.92
225.8000,-15.3555,1050.92
225.7000,-15.4516,1050.93
225.6000,-16.4514,1050.94
225.5000,-16.68,1050.95
225.4000,-17.6225,1050.96
225.3000,-17.0656,1050.96
225.2000,-16.1138,1050.97
225.1000,-15.9151,1050.98
225.0000,-17.8051,1050.97
224.9000,-18.1484,1050.97
224.8000,-19.8794,1050.97
224.7000,-21.4813,1050.96
224.6000,-19.6746,1050.97
224.5000,-18.0104,1050.97
224.4000,-17.366,1050.97
224.3000,-17.915,1050.97
224.2000,-16.7776,1050.97
224.1000,-16.8665,1050.98
224.0000,-15.5748,1050.97
223.9000,-14.3355,1050.98
223.8000,-15.0968,1050.99
223.7000,-14.8476,1051.01
223.6000,-14.4474,1051.02
223.5000,-11.8064,1051.01
223.4000,-12.3172,1051.02
223.3000,-10.9218,1051.01
223.2000,-11.8507,1051.01
223.1000,-13.2426,1051.02
223.0000,-12.549,1051.02
222.9000,-10.5542,1051.02
222.8000,-11.5079,1051.04
222.7000,-11.5902,1051.03
222.6000,-11.088,1051.02
222.5000,-10.4077,1051.03
222.4000,-11.0771,1051.02
222.3000,-10.7461,1051.03
222.2000,-9.98032,1051.04
222.1000,-9.97539,1051.04
222.0000,-7.8824,1051.03
221.9000,-8.51474,1051.03
221.8000,-6.79793,1051.03
221.7000,-6.13762,1051.03
221.6000,-5.03304,1051.04
221.5000,-3.89433,1051.04
221.4000,-2.06174,1051.05
221.3000,-2.44746,1051.06
221.2000,-2.68564,1051.07
221.1000,-3.3257,1051.07
221.0000,-2.25283,1051.09
220.9000,-2.13727,1051.09
220.8000,-2.18093,1051.09
220.7000,-1.92382,1051.1
220.6000,-1.82817,1051.11
220.5000,-0.259918,1051.12
220.4000,0.591381,1051.13
220.3000,0.489442,1051.11
220.2000,1.15423,1051.13
220.1000,1.19346,1051.12
220.0000,0.194538,1051.15
219.9000,0.449891,1051.14
219.8000,-1.34745,1051.13
219.7000,-0.879544,1051.14
219.6000,-1.14882,1051.14
219.5000,-1.90278,1051.13
219.4000,-1.01592,1051.16
219.3000,-0.00886317,1051.16
219.2000,-1.27358,1051.16
219.1000,-0.682603,1051.17
219.0000,-1.73422,1051.17
218.9000,-2.61394,1051.17
218.8000,-3.48555,1051.2
218.7000,-3.28053,1051.2
218.6000,-1.27825,1051.2
218.5000,-0.46063,1051.2
218.4000,-2.19442,1051.21
218.3000,-2.60779,1051.23
218.2000,-2.86647,1051.22
218.1000,-1.95056,1051.22
218.0000,-3.16973,1051.22
217.9000,-2.64724,1051.22
217.8000,-3.1535,1051.22
217.7000,-4.25486,1051.22
217.6000,-5.28925,1051.23
217.5000,-4.17752,1051.23
217.4000,-5.25652,1051.23
217.3000,-6.51332,1051.22
217.2000,-6.94727,1051.21
217.1000,-6.92827,1051.22
217.0000,-6.25007,1051.22
216.9000,-7.50999,1051.22
216.8000,-7.25134,1051.21
216.7000,-6.38212,1051.21
216.6000,-6.61193,1051.23
216.5000,-5.79624,1051.24
216.4000,-5.31825,1051.25
216.3000,-6.01272,1051.25
216.2000,-4.5297,1051.26
216.1000,-5.29999,1051.27
216.0000,-6.33463,1051.27
215.9000,-7.79458,1051.28
215.8000,-8.10586,1051.28
215.7000,-9.09323,1051.29
215.6000,-7.56088,1051.28
215.5000,-6.20311,1051.29
215.4000,-5.55599,1051.28
215.3000,-5.2894,1051.27
215.2000,-6.21402,1051.28
215.1000,-6.54739,1051.29
215.0000,-4.74533,1051.28
214.9000,-4.47605,1051.29
214.8000,-5.25395,1051.29
214.7000,-6.71371,1051.29
214.6000,-7.58242,1051.3
214.5000,-5.27901,1051.3
214.4000,-3.49532,1051.31
214.3000,-1.93461,1051.31
214.2000,-1.17212,1051.33
214.1000,-1.7247,1051.33
214.0000,-1.73015,1051.33
213.9000,-1.02472,1051.34
213.8000,-0.802136,1051.35
213.7000,-2.57964,1051.35
213.6000,-2.45762,1051.36
213.5000,-2.01007,1051.36
213.4000,-2.12495,1051.37
213.3000,-1.09695,1051.36
213.2000,-0.479369,1051.37
213.1000,1.22131,1051.37
213.0000,1.00071,1051.37
212.9000,0.765628,1051.37
212.8000,2.84615,1051.36
212.7000,3.22571,1051.36
212.6000,5.03747,1051.36
212.5000,5.9372,1051.36
212.4000,6.42978,1051.37
212.3000,6.2127,1051.37
212.2000,6.88418,1051.36
212.1000,6.83633,1051.36
212.0000,5.41393,1051.35
211.9000,6.038,1051.36
211.8000,4.93503,1051.37
211.7000,3.26838,1051.36
211.6000,4.19,1051.36
211.5000,6.4482,1051.37
211.4000,5.1007,1051.37
211.3000,6.76872,1051.38
211.2000,8.41366,1051.37
211.1000,6.57183,1051.38
211.0000,5.50647,1051.39
210.9000,5.20733,1051.38
210.8000,4.49269,1051.39
210.7000,4.93469,1051.37
210.6000,6.1607,1051.37
210.5000,5.80504,1051.36
210.4000,8.13259,1051.36
210.3000,8.54211,1051.36
210.2000,7.54347,1051.37
210.1000,6.6589,1051.37
210.0000,5.94294,1051.38
209.9000,4.40089,1051.38
209.8000,3.02781,1051.39
209.7000,4.37311,1051.38
209.6000,4.45721,1051.38
209.5000,3.40099,1051.38
209.4000,4.84556,1051.38
209.3000,5.28319,1051.38
209.2000,4.57478,1051.38
209.1000,5.45729,1051.38
209.0000,4.75152,1051.39
208.9000,2.97066,1051.4
208.8000,3.88923,1051.43
208.7000,4.94812,1051.42
208.6000,4.54955,1051.41
208.5000,5.69729,1051.4
208.4000,4.66019,1051.4
208.3000,4.31986,1051.4
208.2000,3.19495,1051.4
208.1000,2.00449,1051.42
208.0000,0.272811,1051.41
207.9000,-1.57973,1051.4
207.8000,-1.06809,1051.4
207.7000,-0.940412,1051.4
207.6000,-1.21518,1051.39
207.5000,-0.865137,1051.4
207.4000,-0.487747,1051.4
207.3000,-0.882385,1051.4
207.2000,-1.8531,1051.41
207.1000,-2.78495,1051.41
207.0000,-1.8204,1051.42
206.9000,-1.58448,1051.4
206.8000,-1.85902,1051.39
206.7000,-1.86317,1051.39
206.6000,-2.17608,1051.39
206.5000,-2.55686,1051.39
206.4000,-2.87253,1051.41
206.3000,-3.96715,1051.41
206.2000,-4.79607,1051.41
206.1000,-3.90773,1051.41
206.0000,-3.30482,1051.41
205.9000,-3.34806,1051.42
205.8000,-2.90589,1051.41
205.7000,-4.24467,1051.4
205.6000,-4.65043,1051.39
205.5000,-5.18809,1051.4
205.4000,-5.46174,1051.41
205.3000,-7.30803,1051.41
205.2000,-7.53338,1051.41
205.1000,-7.41298,1051.42
205.0000,-6.82996,1051.43
204.9000,-6.20457,1051.43
204.8000,-6.13975,1051.42
204.7000,-5.5039,1051.43
204.6000,-5.20445,1051.42
204.5000,-4.47012,1051.44
204.4000,-4.2537,1051.44
204.3000,-3.98831,1051.46
204.2000,-3.25207,1051.46
204.1000,-0.546959,1051.46
204.0000,-1.94482,1051.45
203.9000,-2.78822,1051.47
203.8000,-2.61237,1051.48
203.7000,-1.70047,1051.48
203.6000,-2.30673,1051.48
203.5000,-1.15455,1051.48
203.4000,-2.30114,1051.48
203.3000,-2.80769,1051.48
203.2000,-3.0035,1051.46
203.1000,-3.52648,1051.46
203.0000,-2.28671,1051.46
202.9000,-3.70251,1051.45
202.8000,-4.48946,1051.46
202.7000,-4.66158,1051.44
202.6000,-4.05671,1051.45
202.5000,-2.26769,1051.45
202.4000,-2.64491,1051.44
202.3000,-1.91435,1051.44
202.2000,-0.726313,1051.45
202.1000,0.805927,1051.45
202.0000,1.38612,1051.45
201.9000,0.28484,1051.44
201.8000,-0.053187,1051.43
201.7000,0.936014,1051.44
201.6000,0.357802,1051.45
201.5000,0.665648,1051.44
201.4000,0.620991,1051.45
201.3000,-0.231116,1051.44
201.2000,0.355213,1051.43
201.1000,-0.438614,1051.43
201.0000,-0.046854,1051.42
200.9000,-1.40614,1051.44
200.8000,-2.12228,1051.44
200.7000,-1.94094,1051.43
200.6000,-2.15485,1051.42
200.5000,-2.84268,1051.43
200.4000,-2.52476,1051.43
200.3000,-3.32385,1051.43
200.2000,-3.66098,1051.43
200.1000,-3.35581,1051.43
200.0000,-3.83237,1051.43

##### Extended Information
[Comments]
Sample name,Ngb_ferric_NaP_pH6.0_pos_1_LCJG_020226
Comment,ABS = 1.181
Username
Division
Organization,SFSU

[Detailed Information]
Creation date,2/2/2026 12:14 PM

Data array type,Linear data array * 2
Horizontal axis,Wavelength [nm]
Vertical axis(1),CD [mdeg]
Vertical axis(2),HT [V]
Start,700 nm
End,200 nm
Data interval,0.1 nm
Data points,5001    

[Measurement Information]
Instrument name,J1500
Model name,J-1500
Serial No.,F109861638

Detector,PM-539
Detector S/N,F109861638
  Lock-in amp.,X mode
  HT volt,Auto

Accessory,PMCD-586
Accessory S/N,A006562008

Measurement date,2/2/2026 12:14 PM

CD Overload detect,4624
Photometric mode,CD, HT
Measure range,700 - 200 nm
Data pitch,0.1 nm
CD scale,200 mdeg/0.1 dOD
FL scale,200 mdeg/0.1 dOD
D.I.T.,1 sec
Bandwidth,1.00 nm
Start mode,Immediately
Scanning mode,Continuous
Scanning speed,200 nm/min
Baseline correction,None
Shutter control,Manual
No. of cycle,1/1
N2 Flowmeter,Manual

Concentration,66.7 umol/L

